Solar_Irradiance,Temperature,Humidity,Wind_Speed,Cloud_Cover,Power_Output
302,33.0,70.0,9,59,-25.82
635,36.0,42.0,12,75,170.34
470,29.0,67.0,6,98,-7.07
306,44.0,69.0,13,78,-66.02
271,42.0,32.0,8,16,102.55
900,38.0,29.0,15,31,408.86
220,22.0,74.0,6,6,16.62
814,25.0,28.0,6,82,263.46
321,43.0,71.0,4,70,-11.07
666,23.0,21.0,11,68,208.53
414,29.0,44.0,21,57,94.74
530,15.0,32.0,18,39,159.56
658,44.0,70.0,3,84,126.3
287,15.0,77.0,3,47,-47.29
572,33.0,53.0,12,50,181.19
299,17.0,54.0,21,56,0.85
863,24.0,22.0,21,70,284.04
330,22.0,78.0,6,36,67.92
861,29.0,89.0,21,86,240.57
508,24.0,67.0,6,74,56.75
969,15.0,83.0,8,73,315.67
543,43.0,38.0,15,84,64.96
691,32.0,86.0,18,54,183.93
613,16.0,24.0,20,40,201.57
585,33.0,86.0,16,96,37.19
391,27.0,30.0,6,19,158.2
476,36.0,87.0,21,32,122.89
360,15.0,88.0,17,39,46.56
659,16.0,20.0,9,98,77.26
513,43.0,82.0,19,33,127.12
221,30.0,48.0,18,61,-46.4
452,29.0,31.0,23,99,25.65
947,27.0,60.0,5,90,289.79
760,30.0,21.0,6,18,369.76
674,31.0,56.0,12,42,242.48
258,35.0,64.0,11,68,-60.48
710,43.0,67.0,16,62,189.31
881,43.0,43.0,20,92,249.49
675,21.0,41.0,17,9,319.74
899,38.0,30.0,20,12,438.55
982,40.0,77.0,9,92,266.8
389,31.0,65.0,1,4,135.99
886,21.0,48.0,3,57,334.3
762,27.0,54.0,21,58,271.45
766,19.0,34.0,23,75,252.32
443,40.0,79.0,9,58,42.63
704,31.0,61.0,22,76,147.65
330,17.0,62.0,19,85,-46.07
684,21.0,68.0,13,14,268.69
846,40.0,83.0,23,76,232.83
220,31.0,51.0,14,0,81.96
366,21.0,83.0,20,37,61.17
473,35.0,21.0,19,52,151.21
587,15.0,43.0,23,51,191.84
800,31.0,85.0,7,0,397.19
515,44.0,57.0,4,10,202.93
213,31.0,50.0,12,57,-71.82
441,25.0,45.0,23,39,110.36
976,39.0,48.0,14,85,345.76
545,41.0,86.0,2,98,24.73
764,43.0,44.0,1,59,294.97
539,17.0,67.0,18,43,133.67
291,29.0,84.0,20,5,127.91
566,43.0,72.0,8,27,184.07
654,35.0,86.0,3,30,216.5
627,25.0,37.0,6,7,281.02
708,40.0,28.0,22,4,360.2
975,42.0,57.0,13,53,341.99
234,30.0,40.0,9,16,53.7
405,39.0,84.0,9,37,69.7
280,36.0,40.0,20,8,53.64
761,42.0,46.0,9,73,219.4
587,23.0,89.0,15,83,111.66
201,38.0,63.0,13,77,-94.81
589,38.0,47.0,22,13,237.59
765,15.0,64.0,16,25,291.99
305,43.0,36.0,2,92,-53.91
971,39.0,59.0,14,61,343.84
676,36.0,22.0,6,90,176.37
902,30.0,85.0,2,24,369.32
601,23.0,65.0,8,79,91.66
929,33.0,49.0,4,35,421.77
755,26.0,88.0,21,97,160.23
361,33.0,28.0,24,79,-23.22
401,36.0,30.0,14,32,118.61
469,23.0,88.0,11,2,196.01
470,21.0,85.0,24,86,4.38
655,28.0,50.0,14,10,286.24
661,43.0,52.0,12,57,187.3
926,33.0,58.0,16,63,335.52
451,33.0,65.0,6,17,154.86
901,16.0,56.0,20,46,340.3
495,23.0,79.0,1,43,111.65
924,27.0,50.0,12,92,261.13
919,29.0,30.0,7,58,343.75
948,17.0,21.0,8,49,369.2
537,25.0,46.0,9,68,118.38
252,35.0,21.0,2,87,-46.54
991,28.0,40.0,17,28,435.82
416,44.0,77.0,20,92,-63.6
963,39.0,,13,89,304.22
387,22.0,,5,66,42.5
579,32.0,,10,1,256.59
692,33.0,,12,24,293.52
240,30.0,,17,18,16.05
356,16.0,,21,39,66.83
214,22.0,,6,1,72.43
264,36.0,,3,82,-75.73
720,20.0,,15,64,218.58
543,26.0,,7,61,138.61
328,29.0,,6,90,-31.52
847,39.0,,4,53,253.08
671,22.0,,19,44,248.0
262,18.0,,5,48,-47.94
338,29.0,,3,98,-71.8
698,42.0,,9,68,208.07
792,34.0,,6,37,335.55
591,39.0,,13,3,291.34
874,31.0,,22,16,450.55
618,27.0,,20,52,187.45
488,32.0,,4,84,53.99
578,16.0,,2,52,185.41
972,27.0,,4,30,391.51
689,27.0,,8,21,319.36
430,36.0,,13,10,161.92
240,29.0,,10,33,30.09
227,34.0,,18,14,9.74
334,43.0,,9,9,111.22
400,41.0,,1,95,-60.91
979,24.0,,13,52,397.3
232,43.0,,18,47,-57.18
247,17.0,,15,30,-3.79
702,33.0,,2,36,224.76
606,17.0,,11,27,221.19
773,36.0,,14,30,300.75
927,28.0,,22,69,337.12
298,22.0,,15,13,68.57
883,41.0,,14,86,241.33
925,37.0,,16,15,385.84
746,44.0,,23,24,281.12
938,18.0,,15,38,398.66
812,41.0,,19,65,254.09
661,42.0,,9,37,215.4
842,34.0,,5,40,326.54
968,25.0,,5,97,296.96
204,40.0,,11,39,-40.95
417,25.0,,20,63,55.75
702,41.0,,24,88,119.01
966,44.0,,4,99,279.37
597,25.0,,20,15,258.58
994,16.0,,18,81,332.37
592,44.0,26.0,3,76,117.73
406,31.0,23.0,4,58,71.38
214,23.0,88.0,14,90,-125.4
753,42.0,79.0,7,97,111.59
660,42.0,74.0,8,10,262.74
890,16.0,35.0,24,0,427.18
774,43.0,48.0,16,12,331.68
942,38.0,42.0,20,29,425.73
440,29.0,33.0,15,68,70.49
763,30.0,68.0,7,17,335.91
295,39.0,52.0,17,77,-68.99
933,18.0,44.0,22,12,456.15
684,22.0,40.0,22,31,276.85
606,23.0,36.0,22,70,180.86
430,40.0,42.0,12,71,40.76
948,40.0,76.0,18,49,359.59
854,19.0,77.0,24,70,270.57
370,30.0,33.0,14,79,27.7
740,27.0,39.0,15,30,346.16
235,44.0,49.0,15,50,-60.01
724,21.0,38.0,5,26,308.49
359,40.0,72.0,16,59,1.73
898,34.0,75.0,5,32,355.55
442,31.0,42.0,2,52,134.17
285,17.0,81.0,20,92,-120.05
995,19.0,52.0,9,71,367.51
777,33.0,37.0,22,32,309.07
881,26.0,52.0,9,40,378.54
756,43.0,51.0,4,18,322.95
773,41.0,80.0,15,84,174.29
845,21.0,73.0,11,40,284.81
995,42.0,36.0,1,84,330.44
227,23.0,38.0,18,88,-103.69
819,42.0,89.0,1,41,317.8
755,20.0,53.0,8,22,317.88
539,43.0,44.0,16,74,85.72
997,40.0,87.0,22,32,389.97
530,31.0,30.0,18,19,201.1
839,30.0,35.0,22,24,415.9
705,37.0,80.0,9,89,162.48
547,17.0,26.0,12,51,161.11
672,35.0,35.0,19,11,357.19
430,40.0,35.0,18,31,134.24
389,18.0,59.0,5,32,110.28
424,24.0,31.0,2,73,66.52
584,19.0,54.0,7,67,119.31
576,35.0,40.0,10,14,254.45
482,36.0,69.0,15,50,110.15
832,44.0,62.0,7,5,355.11
827,24.0,36.0,5,90,244.61
944,26.0,51.0,15,68,360.42
458,24.0,60.0,20,68,46.87
558,43.0,25.0,20,81,105.09
909,27.0,46.0,15,91,255.36
655,25.0,39.0,10,34,245.39
610,36.0,44.0,24,85,115.0
848,30.0,85.0,14,33,363.96
517,22.0,28.0,10,62,122.01
876,22.0,72.0,17,67,269.99
424,41.0,80.0,21,17,120.12
433,39.0,57.0,14,25,97.6
883,22.0,22.0,2,85,241.28
863,27.0,89.0,16,96,180.21
573,41.0,74.0,13,60,129.23
871,16.0,20.0,9,77,292.2
807,44.0,89.0,7,94,185.23
671,44.0,64.0,16,73,124.64
432,26.0,66.0,10,87,1.92
891,24.0,45.0,24,84,247.01
312,26.0,33.0,22,47,51.75
696,25.0,73.0,9,71,148.84
641,29.0,65.0,22,95,104.48
763,30.0,50.0,23,30,323.78
467,31.0,78.0,7,33,119.43
709,40.0,48.0,16,86,122.31
585,16.0,36.0,9,88,133.4
586,32.0,33.0,24,6,271.55
312,26.0,55.0,17,82,-73.39
812,33.0,77.0,20,6,384.62
824,40.0,43.0,7,46,330.77
280,37.0,82.0,11,7,59.96
898,32.0,44.0,8,77,333.02
312,44.0,78.0,7,0,77.59
201,31.0,51.0,19,76,-79.94
841,44.0,37.0,20,2,422.37
419,20.0,56.0,12,52,99.93
765,39.0,45.0,7,91,153.08
935,29.0,28.0,8,37,462.49
424,17.0,83.0,7,50,74.68
584,20.0,39.0,6,14,258.99
602,17.0,73.0,9,99,43.11
837,44.0,49.0,13,66,254.68
329,43.0,72.0,7,63,-12.49
252,15.0,82.0,8,67,-69.12
883,44.0,30.0,22,4,444.15
929,27.0,50.0,17,89,292.55
871,42.0,68.0,17,88,242.89
909,35.0,38.0,16,9,401.84
615,40.0,31.0,22,7,282.13
446,28.0,34.0,2,11,166.04
638,27.0,50.0,8,63,180.49
402,41.0,62.0,17,58,68.43
383,18.0,56.0,13,66,1.28
322,21.0,48.0,18,90,-66.29
600,36.0,45.0,24,49,171.81
966,24.0,21.0,22,22,448.98
493,21.0,34.0,10,39,166.23
479,35.0,23.0,2,96,62.79
809,29.0,69.0,2,77,263.93
397,29.0,57.0,14,86,-20.55
710,18.0,42.0,16,94,168.18
951,37.0,78.0,7,76,317.26
343,37.0,47.0,21,75,25.72
808,20.0,85.0,21,98,149.79
400,38.0,27.0,24,17,114.73
323,34.0,48.0,12,20,88.9
386,40.0,30.0,23,0,232.47
525,19.0,37.0,14,37,150.04
663,34.0,74.0,4,40,230.39
548,26.0,69.0,4,41,115.07
970,15.0,33.0,18,8,509.4
859,42.0,28.0,3,22,354.09
963,22.0,30.0,1,77,294.23
602,15.0,82.0,17,10,229.48
545,19.0,86.0,7,70,80.12
710,36.0,72.0,16,30,294.09
346,20.0,58.0,5,87,-25.11
347,43.0,75.0,19,25,25.24
910,35.0,47.0,7,29,395.86
688,17.0,58.0,14,33,236.46
839,29.0,44.0,2,45,308.35
750,19.0,40.0,3,68,239.97
537,42.0,29.0,17,4,270.61
840,38.0,62.0,16,60,266.69
978,28.0,34.0,8,82,337.64
672,32.0,67.0,18,37,234.28
350,30.0,40.0,15,27,93.28
614,20.0,79.0,7,25,203.95
497,39.0,69.0,9,60,74.12
810,38.0,42.0,6,22,360.79
462,28.0,32.0,18,45,124.37
963,41.0,88.0,18,29,396.59
343,38.0,23.0,24,66,16.85
545,22.0,28.0,14,91,98.68
823,43.0,54.0,14,32,317.62
771,21.0,40.0,14,2,389.36
201,22.0,77.0,4,68,-113.62
503,27.0,37.0,4,82,97.16
453,20.0,62.0,15,41,69.99
851,,25.0,15,61,323.53
652,,86.0,18,57,147.66
236,,31.0,14,56,-17.52
359,,31.0,1,0,142.93
208,,85.0,10,72,-119.49
432,,21.0,20,59,73.41
298,,34.0,10,68,-19.66
858,,42.0,10,58,303.68
407,,48.0,24,45,102.05
330,,26.0,2,33,82.82
603,,47.0,8,96,134.82
351,,33.0,1,24,103.65
253,,63.0,1,41,-1.9
319,,49.0,4,28,128.34
872,,51.0,7,24,373.13
827,,89.0,9,53,281.11
786,,25.0,16,72,272.63
824,,46.0,5,66,315.5
619,,43.0,2,14,245.84
621,,53.0,23,3,249.06
303,,59.0,11,37,7.49
453,,66.0,18,19,160.61
426,,43.0,19,22,135.83
311,,84.0,13,36,-26.42
709,,37.0,24,61,216.26
672,,63.0,11,7,311.37
298,,76.0,20,36,-2.57
352,,47.0,19,44,86.05
537,,42.0,17,96,41.24
905,,53.0,5,32,378.43
362,,30.0,13,6,149.28
919,33.0,54.0,20,21,420.42
880,36.0,61.0,1,4,425.78
360,25.0,47.0,10,14,158.1
779,44.0,43.0,8,20,351.05
597,42.0,27.0,24,88,107.93
476,30.0,72.0,8,16,184.46
703,35.0,23.0,19,55,267.25
591,17.0,24.0,6,49,233.15
334,36.0,68.0,12,6,106.96
394,20.0,49.0,7,49,65.84
600,28.0,82.0,16,59,170.25
839,38.0,66.0,9,82,195.08
232,32.0,45.0,21,6,73.11
887,31.0,76.0,22,39,361.74
659,18.0,56.0,10,44,236.19
669,37.0,26.0,10,58,178.56
574,29.0,59.0,10,87,66.53
221,25.0,58.0,20,74,-128.7
949,40.0,81.0,16,54,354.61
869,17.0,72.0,1,63,282.84
237,17.0,23.0,17,64,-3.27
429,30.0,44.0,21,53,95.33
564,19.0,26.0,14,95,131.02
762,35.0,47.0,19,39,278.64
637,43.0,88.0,21,52,153.01
975,24.0,86.0,21,43,382.51
482,33.0,39.0,17,62,92.04
226,39.0,30.0,14,1,95.84
425,18.0,86.0,8,78,-7.66
476,43.0,26.0,21,20,182.02
997,43.0,42.0,21,87,322.64
808,33.0,80.0,9,49,292.91
483,25.0,53.0,8,80,50.39
680,16.0,38.0,13,51,202.4
652,24.0,77.0,17,8,275.14
858,43.0,28.0,19,98,225.22
715,25.0,67.0,7,19,275.67
746,39.0,60.0,17,82,152.88
391,34.0,67.0,1,17,141.27
248,30.0,64.0,5,83,-67.55
711,33.0,44.0,6,29,322.4
216,37.0,44.0,2,64,-52.74
371,38.0,38.0,16,23,139.62
419,25.0,58.0,22,87,-14.82
357,28.0,46.0,5,46,26.99
676,16.0,82.0,5,82,110.37
245,37.0,87.0,12,93,-133.37
572,42.0,38.0,3,89,99.01
717,19.0,47.0,16,43,283.17
298,41.0,52.0,6,28,59.54
944,19.0,29.0,15,76,375.95
236,33.0,49.0,15,67,-44.6
479,35.0,41.0,16,16,194.66
548,26.0,22.0,20,96,93.76
696,32.0,67.0,13,4,326.38
501,18.0,21.0,12,91,69.64
380,36.0,73.0,10,87,-55.25
806,31.0,25.0,14,80,279.14
298,24.0,59.0,2,49,61.61
899,34.0,21.0,3,39,377.19
315,20.0,21.0,9,45,53.63
390,39.0,74.0,11,50,17.04
452,28.0,79.0,11,10,178.04
360,25.0,25.0,22,11,165.02
455,25.0,38.0,10,12,159.77
522,43.0,46.0,14,63,82.45
327,32.0,20.0,9,7,105.82
217,41.0,52.0,20,64,-32.04
992,37.0,59.0,21,8,457.23
934,36.0,51.0,10,91,281.02
765,32.0,88.0,22,1,338.62
769,38.0,36.0,9,77,250.32
522,37.0,27.0,5,12,246.3
885,25.0,76.0,8,1,430.09
991,35.0,61.0,11,67,340.01
825,26.0,28.0,1,75,290.17
487,19.0,54.0,21,47,136.02
862,37.0,72.0,10,73,275.13
838,23.0,73.0,1,2,364.32
354,41.0,44.0,22,67,-10.29
689,39.0,86.0,7,5,324.09
585,23.0,81.0,14,86,115.43
984,36.0,74.0,5,4,465.4
303,24.0,65.0,17,2,102.02
592,36.0,43.0,22,9,269.15
445,33.0,65.0,21,42,116.73
375,15.0,41.0,6,18,90.6
238,21.0,30.0,16,13,74.71
676,18.0,67.0,11,20,243.18
881,15.0,27.0,10,42,360.55
958,29.0,58.0,15,27,407.62
737,22.0,54.0,7,20,299.58
607,26.0,68.0,23,35,208.28
724,36.0,65.0,2,23,280.65
705,36.0,57.0,12,53,206.97
235,32.0,27.0,19,37,60.32
884,29.0,73.0,12,16,372.91
219,31.0,56.0,16,21,-13.76
520,43.0,59.0,6,82,70.58
975,28.0,53.0,3,44,397.66
711,28.0,36.0,2,73,213.26
599,32.0,52.0,20,60,168.61
853,34.0,66.0,5,10,416.96
670,32.0,71.0,11,60,226.58
342,30.0,28.0,3,37,96.77
291,15.0,52.0,3,65,-53.06
553,37.0,79.0,22,32,171.47
999,41.0,40.0,5,42,432.03
926,25.0,77.0,22,30,401.77
250,29.0,88.0,23,34,0.65
864,26.0,29.0,11,36,363.99
897,22.0,25.0,3,46,353.61
774,36.0,32.0,13,99,192.57
389,34.0,84.0,21,22,67.93
324,44.0,39.0,8,35,68.09
349,20.0,76.0,20,39,44.7
513,17.0,65.0,10,89,40.0
769,42.0,27.0,2,88,225.3
541,38.0,29.0,4,80,133.77
504,40.0,86.0,18,14,166.99
891,44.0,30.0,19,36,378.79
881,27.0,31.0,4,3,442.76
982,27.0,29.0,20,21,482.33
253,16.0,44.0,9,80,-73.0
643,19.0,68.0,16,21,267.15
812,31.0,68.0,6,80,253.68
463,20.0,30.0,4,77,70.97
252,16.0,81.0,9,77,-98.59
771,18.0,55.0,13,16,328.19
819,36.0,58.0,9,71,264.46
204,40.0,72.0,6,97,-141.74
302,25.0,75.0,21,89,-83.37
395,22.0,20.0,19,93,11.42
973,26.0,75.0,14,85,284.87
549,22.0,23.0,21,79,124.97
246,25.0,49.0,15,93,-109.7
855,36.0,31.0,3,79,295.69
468,34.0,54.0,5,37,129.07
569,22.0,71.0,21,23,234.03
835,43.0,50.0,18,99,206.43
305,22.0,87.0,14,98,-102.69
869,40.0,71.0,16,5,371.18
858,44.0,26.0,14,67,328.43
856,31.0,41.0,9,81,274.04
319,34.0,75.0,15,5,135.44
986,34.0,77.0,7,25,426.86
803,37.0,83.0,14,90,182.57
257,30.0,31.0,6,40,26.32
545,28.0,26.0,21,74,141.39
940,44.0,74.0,15,37,377.42
673,25.0,81.0,20,79,114.67
316,21.0,74.0,8,82,-71.58
990,30.0,55.0,2,42,430.95
326,27.0,43.0,8,52,24.41
592,41.0,63.0,1,14,217.66
840,29.0,36.0,17,89,257.92
257,38.0,21.0,19,55,6.69
833,30.0,32.0,5,55,313.27
712,41.0,50.0,22,30,313.75
950,35.0,47.0,20,82,311.92
295,37.0,79.0,16,56,-46.65
837,38.0,46.0,7,50,281.57
317,23.0,34.0,7,23,113.2
759,17.0,52.0,18,57,224.3
800,33.0,39.0,18,72,261.81
687,34.0,61.0,2,86,134.77
436,19.0,31.0,15,3,193.76
471,24.0,42.0,14,9,207.21
388,31.0,33.0,18,62,34.49
903,29.0,44.0,9,72,1800.0
646,37.0,50.0,14,82,129.43
780,39.0,73.0,5,14,312.49
989,22.0,24.0,11,97,313.64
446,29.0,32.0,8,62,82.02
275,35.0,47.0,5,18,89.11
353,44.0,62.0,11,62,-10.57
855,28.0,66.0,5,55,314.07
634,34.0,57.0,17,20,266.62
285,42.0,86.0,22,33,-22.47
896,21.0,81.0,4,16,375.09
484,35.0,58.0,15,17,177.6
419,37.0,56.0,19,80,22.56
268,26.0,27.0,22,65,-13.73
246,31.0,71.0,2,50,-1.86
293,31.0,52.0,24,64,-7.56
949,24.0,61.0,17,42,390.86
652,44.0,46.0,12,56,181.16
403,43.0,27.0,24,9,175.65
417,33.0,42.0,17,36,158.88
673,28.0,83.0,10,47,217.88
631,25.0,39.0,18,68,195.91
540,16.0,35.0,19,55,136.37
750,32.0,36.0,18,75,249.78
811,21.0,38.0,13,35,355.08
488,26.0,27.0,14,30,186.91
453,40.0,57.0,24,54,82.05
933,16.0,57.0,16,37,346.85
556,41.0,72.0,18,72,90.35
222,34.0,50.0,18,89,-89.4
961,32.0,63.0,16,14,432.45
721,20.0,79.0,17,15,265.95
957,38.0,36.0,7,76,337.99
299,24.0,58.0,12,88,-60.54
379,34.0,61.0,2,93,-58.1
422,29.0,67.0,10,52,74.12
961,19.0,31.0,5,55,386.35
858,34.0,37.0,21,6,451.93
641,17.0,25.0,3,56,195.42
807,19.0,62.0,19,54,314.78
968,44.0,54.0,13,51,371.48
524,39.0,73.0,12,3,188.96
715,22.0,81.0,3,42,228.25
215,22.0,88.0,6,39,-62.01
991,22.0,35.0,14,29,446.11
535,26.0,27.0,4,9,259.22
958,38.0,50.0,13,93,296.66
457,37.0,29.0,19,6,185.15
696,22.0,75.0,18,35,218.11
359,25.0,89.0,3,34,60.64
674,28.0,39.0,20,87,175.98
863,22.0,24.0,6,38,360.07
889,43.0,42.0,16,35,319.0
874,44.0,28.0,20,19,380.33
579,38.0,77.0,24,48,170.98
744,42.0,78.0,3,95,127.63
890,24.0,73.0,12,58,300.96
626,21.0,65.0,19,48,196.57
812,42.0,41.0,19,89,215.27
467,31.0,83.0,24,25,167.2
776,18.0,27.0,4,35,313.33
616,43.0,39.0,1,42,190.79
367,27.0,70.0,2,98,-30.1
242,18.0,58.0,13,42,-10.74
755,19.0,56.0,13,98,139.68
484,40.0,69.0,2,75,58.44
596,36.0,53.0,19,32,208.31
211,18.0,52.0,22,99,-160.87
806,32.0,50.0,24,77,248.8
501,20.0,73.0,16,96,9.99
452,38.0,63.0,12,44,66.85
698,38.0,53.0,1,44,222.71
953,37.0,81.0,9,87,314.26
234,36.0,42.0,17,14,61.53
926,16.0,65.0,10,94,279.43
289,37.0,75.0,18,16,64.73
975,25.0,26.0,19,11,512.19
804,42.0,80.0,7,21,332.91
801,28.0,22.0,19,22,357.62
617,44.0,57.0,24,89,111.09
314,19.0,53.0,15,77,-55.96
816,20.0,63.0,9,11,382.99
395,24.0,49.0,10,67,41.2
700,22.0,36.0,23,50,246.98
825,28.0,78.0,20,12,356.18
692,38.0,29.0,20,56,251.77
274,17.0,37.0,4,54,-5.65
612,26.0,64.0,6,81,80.4
575,30.0,78.0,4,27,165.56
619,42.0,81.0,5,43,149.86
928,44.0,78.0,9,18,410.88
476,37.0,68.0,12,45,126.21
960,31.0,82.0,23,2,463.7
875,15.0,51.0,8,82,264.74
593,37.0,29.0,21,19,285.47
656,24.0,30.0,5,24,288.46
391,39.0,89.0,11,74,-2.19
938,37.0,81.0,23,55,332.49
888,24.0,66.0,11,80,259.18
298,35.0,53.0,13,60,-10.1
747,38.0,36.0,14,54,305.47
295,16.0,73.0,8,34,-2.68
863,23.0,59.0,18,77,271.34
862,36.0,38.0,19,58,290.19
389,27.0,86.0,12,38,53.34
935,39.0,72.0,12,56,349.33
236,30.0,83.0,18,82,-136.8
979,32.0,66.0,10,66,369.34
568,33.0,25.0,7,33,263.75
894,26.0,35.0,18,40,386.2
724,22.0,37.0,12,21,342.24
478,31.0,71.0,14,26,157.86
416,29.0,67.0,15,20,148.22
997,24.0,62.0,16,40,420.63
472,29.0,58.0,2,30,141.8
261,29.0,68.0,18,26,23.96
795,37.0,31.0,12,36,355.68
928,21.0,29.0,16,65,345.56
541,27.0,74.0,13,53,125.91
596,31.0,20.0,20,8,291.35
898,23.0,68.0,17,82,273.23
218,22.0,55.0,18,41,-39.41
376,34.0,40.0,3,35,96.36
811,40.0,56.0,23,9,377.46
595,41.0,43.0,10,58,138.07
644,35.0,74.0,1,39,215.18
432,32.0,44.0,6,53,76.05
275,27.0,26.0,3,38,57.1
464,30.0,43.0,19,6,251.97
654,23.0,30.0,4,3,318.88
995,26.0,31.0,20,14,468.08
917,26.0,54.0,23,75,311.09
934,20.0,82.0,3,47,351.58
583,33.0,87.0,8,5,218.71
763,42.0,76.0,8,72,166.08
705,21.0,32.0,7,34,264.67
566,39.0,42.0,2,71,123.93
343,17.0,58.0,21,70,-22.46
268,30.0,31.0,6,67,10.15
298,32.0,53.0,16,57,15.44
595,30.0,50.0,10,76,137.29
224,37.0,81.0,4,18,-20.9
668,21.0,32.0,13,61,221.61
683,18.0,50.0,10,70,220.83
764,41.0,21.0,21,9,389.45
350,39.0,34.0,14,24,93.35
343,44.0,76.0,9,43,22.32
768,22.0,53.0,11,98,183.58
238,27.0,87.0,23,57,-28.57
308,27.0,48.0,18,24,65.28
892,31.0,85.0,11,92,228.09
241,31.0,35.0,17,75,-47.51
385,19.0,58.0,2,39,71.54
597,20.0,56.0,3,75,137.4
422,33.0,40.0,11,69,63.75
833,27.0,63.0,18,9,358.21
332,39.0,38.0,3,65,-1.74
362,42.0,27.0,15,24,102.54
414,40.0,85.0,11,70,-36.6
932,28.0,60.0,11,86,308.79
434,36.0,89.0,20,10,142.95
857,18.0,80.0,11,35,312.14
950,42.0,45.0,19,48,394.15
787,21.0,89.0,1,47,262.88
208,22.0,48.0,5,86,-131.32
273,39.0,85.0,10,6,71.54
691,27.0,38.0,10,90,193.51
452,41.0,87.0,14,76,11.0
429,20.0,77.0,2,50,61.01
718,20.0,89.0,4,16,281.86
373,38.0,76.0,2,31,48.39
852,42.0,56.0,18,25,362.23
367,35.0,80.0,13,21,72.02
369,44.0,49.0,19,12,122.82
592,17.0,44.0,5,11,256.12
994,42.0,84.0,20,70,335.72
833,17.0,25.0,2,0,433.9
393,27.0,37.0,11,32,100.4
716,36.0,29.0,18,13,341.15
228,16.0,30.0,6,63,-22.28
364,30.0,84.0,23,42,25.93
621,36.0,84.0,10,57,188.05
538,43.0,71.0,22,40,124.05
847,20.0,86.0,23,80,257.6
695,22.0,50.0,17,67,179.55
564,37.0,36.0,22,38,195.88
541,22.0,74.0,11,0,224.89
699,44.0,55.0,19,40,216.31
856,39.0,45.0,17,44,349.96
710,20.0,72.0,24,87,161.89
526,28.0,36.0,4,97,76.49
416,17.0,44.0,24,97,-20.97
500,24.0,21.0,14,87,62.96
331,17.0,24.0,20,78,13.23
269,41.0,23.0,4,80,-39.38
451,26.0,55.0,14,12,160.12
614,31.0,25.0,4,70,180.79
986,41.0,40.0,6,8,447.61
644,43.0,45.0,9,62,180.76
381,19.0,74.0,21,98,-45.73
366,44.0,58.0,12,22,90.51
290,34.0,52.0,8,53,21.32
913,39.0,33.0,24,46,389.21
730,23.0,75.0,4,38,262.61
238,44.0,40.0,5,86,-54.54
325,35.0,65.0,6,25,97.83
650,40.0,35.0,5,0,330.05
372,34.0,35.0,19,13,152.9
852,21.0,48.0,8,95,224.27
953,36.0,27.0,9,73,336.41
419,18.0,22.0,15,64,86.4
837,27.0,38.0,4,68,286.37
257,27.0,85.0,9,66,-82.53
859,24.0,41.0,7,48,320.41
675,32.0,65.0,8,49,205.45
655,31.0,32.0,15,57,254.52
560,34.0,52.0,19,52,174.56
200,34.0,24.0,15,90,-93.31
586,27.0,46.0,5,56,178.18
547,31.0,43.0,19,85,105.85
389,36.0,86.0,7,17,86.58
704,18.0,82.0,6,15,253.85
390,15.0,67.0,19,1,161.93
707,15.0,82.0,17,12,254.26
568,29.0,31.0,10,44,198.05
608,27.0,47.0,19,79,120.77
316,31.0,63.0,11,71,-15.38
333,38.0,62.0,15,42,34.89
257,40.0,36.0,10,71,-30.77
755,22.0,59.0,11,53,206.23
884,32.0,68.0,23,73,305.81
871,41.0,76.0,3,96,227.76
372,27.0,83.0,3,30,94.83
348,37.0,76.0,18,75,-9.87
279,28.0,89.0,11,8,70.13
412,22.0,62.0,20,72,10.57
402,22.0,42.0,22,47,92.67
963,41.0,46.0,18,17,451.44
428,40.0,77.0,15,93,-6.67
875,29.0,56.0,7,95,257.68
426,41.0,25.0,10,86,30.98
858,27.0,84.0,21,10,389.76
731,21.0,25.0,23,61,259.68
640,19.0,69.0,20,83,139.37
601,31.0,41.0,10,18,295.27
246,42.0,44.0,13,99,-100.36
432,39.0,70.0,15,89,3.33
504,43.0,67.0,23,73,57.54
725,30.0,89.0,18,23,274.68
342,37.0,84.0,23,12,73.98
614,16.0,79.0,4,45,103.7
712,36.0,65.0,20,52,211.62
572,32.0,55.0,17,97,70.75
765,31.0,77.0,3,28,295.82
458,44.0,57.0,21,35,128.63
855,21.0,30.0,21,70,279.37
670,27.0,31.0,2,93,138.9
211,32.0,61.0,4,16,-9.42
529,43.0,58.0,1,47,144.38
935,28.0,30.0,15,76,318.09
983,44.0,55.0,1,23,419.53
557,32.0,71.0,6,53,152.44
607,27.0,50.0,7,94,84.6
867,25.0,52.0,19,90,256.86
572,35.0,32.0,12,84,90.87
207,44.0,37.0,1,0,67.03
321,35.0,60.0,7,78,-45.64
547,30.0,77.0,19,66,101.92
875,37.0,75.0,13,5,433.08
289,31.0,43.0,12,77,-63.44
847,22.0,50.0,12,54,336.7
897,33.0,74.0,22,37,338.17
515,34.0,29.0,13,32,208.63
377,29.0,79.0,14,7,150.3
739,23.0,21.0,22,89,211.86
931,34.0,34.0,12,78,299.68
240,24.0,22.0,20,77,-41.35
939,26.0,62.0,12,19,475.24
903,35.0,50.0,6,54,342.87
701,37.0,89.0,10,47,209.93
344,34.0,86.0,20,82,-52.34
400,44.0,75.0,24,55,43.51
923,15.0,82.0,9,96,230.31
660,39.0,34.0,2,99,132.69
931,34.0,29.0,7,87,304.2
951,23.0,57.0,9,9,430.33
757,36.0,66.0,12,51,300.79
746,29.0,76.0,5,49,248.37
452,15.0,69.0,1,33,173.37
589,26.0,34.0,22,35,230.45
793,17.0,37.0,15,60,282.95
455,25.0,21.0,8,99,23.26
908,16.0,62.0,1,15,391.14
649,30.0,45.0,18,78,159.22
209,23.0,57.0,13,17,10.3
997,29.0,61.0,1,70,339.86
441,26.0,24.0,5,46,162.24
450,15.0,30.0,18,85,51.5
204,27.0,84.0,16,31,9.36
318,28.0,53.0,10,42,68.6
573,39.0,20.0,4,82,112.32
264,39.0,21.0,1,39,8.81
345,22.0,39.0,23,64,11.75
423,22.0,80.0,8,34,92.89
438,41.0,40.0,5,68,82.59
376,44.0,87.0,2,49,21.31
978,26.0,31.0,24,11,545.63
481,15.0,41.0,17,75,55.1
262,25.0,39.0,7,84,-49.28
416,22.0,20.0,17,57,77.23
994,24.0,49.0,6,82,344.43
888,44.0,43.0,22,62,310.69
660,33.0,33.0,15,72,184.03
809,25.0,55.0,5,48,286.57
304,21.0,88.0,15,35,18.95
298,25.0,43.0,18,53,34.22
710,31.0,79.0,18,46,214.6
584,15.0,74.0,21,31,181.03
604,40.0,43.0,21,98,99.66
717,43.0,43.0,23,94,170.01
675,35.0,73.0,6,52,240.11
908,35.0,45.0,2,31,406.97
844,22.0,85.0,17,61,256.6
970,37.0,57.0,21,36,396.14
636,38.0,84.0,4,95,71.39
222,20.0,70.0,12,37,-32.62
764,36.0,54.0,19,29,316.11
876,32.0,62.0,2,57,324.21
913,20.0,48.0,2,31,406.24
657,19.0,56.0,14,65,186.65
282,27.0,77.0,15,50,14.82
344,33.0,73.0,20,10,93.82
284,36.0,58.0,2,58,19.33
277,22.0,61.0,4,19,43.36
656,23.0,47.0,19,36,249.76
200,31.0,48.0,9,72,-77.5
250,17.0,62.0,7,48,-24.18
884,33.0,22.0,13,18,442.45
916,25.0,29.0,12,54,337.83
971,38.0,78.0,3,39,367.44
645,31.0,33.0,13,6,330.13
648,35.0,66.0,15,4,289.56
687,33.0,61.0,14,41,238.32
999,16.0,51.0,24,87,295.43
233,22.0,51.0,9,47,-21.24
547,33.0,61.0,13,6,250.07
294,21.0,51.0,23,10,78.83
271,42.0,45.0,22,72,-18.07
750,41.0,20.0,4,48,308.84
353,31.0,75.0,21,29,67.95
449,20.0,21.0,8,40,126.26
873,33.0,49.0,3,2,378.06
637,38.0,71.0,2,85,92.41
317,20.0,28.0,19,39,39.18
970,42.0,41.0,23,50,357.68
505,16.0,53.0,8,83,51.83
467,20.0,68.0,17,31,134.69
253,37.0,20.0,13,47,57.04
435,19.0,72.0,7,70,29.78
588,33.0,59.0,9,70,91.93
933,34.0,64.0,12,19,404.2
962,18.0,87.0,14,88,281.31
600,36.0,28.0,14,34,230.77
823,40.0,41.0,15,23,378.99
966,31.0,37.0,3,39,412.23
502,25.0,62.0,15,76,91.54
406,18.0,58.0,19,51,65.42
428,40.0,25.0,24,38,132.83
777,27.0,67.0,20,67,239.15
274,34.0,26.0,14,60,-10.2
634,40.0,88.0,8,75,115.16
302,31.0,35.0,5,80,-17.22
621,23.0,20.0,19,64,161.14
903,18.0,56.0,4,61,317.04
963,37.0,56.0,14,80,340.75
937,42.0,83.0,16,1,441.23
505,28.0,81.0,20,5,227.9
297,33.0,80.0,24,74,-44.1
997,40.0,52.0,6,42,392.8
534,42.0,85.0,23,81,65.12
634,17.0,49.0,6,39,193.08
646,28.0,39.0,3,88,141.53
507,22.0,79.0,15,38,124.53
448,38.0,43.0,3,27,134.83
365,41.0,23.0,11,79,58.73
680,42.0,56.0,3,62,189.35
534,15.0,23.0,10,63,167.5
741,24.0,37.0,18,11,355.62
958,32.0,85.0,1,40,360.08
305,30.0,67.0,16,28,49.96
762,22.0,52.0,16,22,323.13
280,15.0,77.0,10,84,-100.44
332,26.0,47.0,1,79,-23.28
996,22.0,54.0,4,50,406.47
337,38.0,29.0,3,44,71.86
383,30.0,84.0,5,89,-20.75
600,32.0,61.0,12,21,267.33
529,18.0,28.0,12,9,226.72
984,20.0,79.0,13,6,476.28
707,26.0,34.0,24,72,240.72
268,41.0,76.0,12,88,-76.72
745,23.0,88.0,16,14,267.75
973,29.0,41.0,13,76,385.1
252,30.0,83.0,5,45,-30.53
649,38.0,60.0,24,89,84.54
404,26.0,75.0,4,84,24.86
325,38.0,42.0,21,86,-26.18
946,37.0,44.0,15,60,367.79
242,28.0,25.0,12,91,-77.94
951,27.0,53.0,19,60,360.69
310,39.0,82.0,21,50,-8.69
960,16.0,28.0,19,37,402.32
862,17.0,79.0,21,11,373.76
382,40.0,68.0,11,87,-28.04
294,38.0,70.0,21,76,-82.33
573,44.0,79.0,6,65,106.26
719,36.0,89.0,9,53,175.3
559,24.0,56.0,1,38,217.86
895,23.0,50.0,12,75,291.8
480,40.0,60.0,14,38,106.57
394,34.0,81.0,6,77,3.36
394,22.0,77.0,1,29,72.57
866,24.0,33.0,22,47,348.11
292,33.0,55.0,2,82,-41.89
871,17.0,55.0,24,30,339.12
260,38.0,27.0,11,24,102.79
833,19.0,45.0,3,67,315.85
250,17.0,55.0,10,50,-32.61
602,40.0,67.0,6,12,219.03
988,41.0,47.0,6,99,284.0
204,30.0,87.0,20,62,-90.93
665,31.0,81.0,21,41,239.96
803,29.0,70.0,2,53,268.2
881,17.0,61.0,24,66,264.92
733,26.0,48.0,10,79,203.98
604,23.0,29.0,23,89,92.78
712,35.0,58.0,6,55,250.56
844,26.0,20.0,23,18,419.4
432,40.0,58.0,17,45,77.2
723,29.0,40.0,14,14,326.64
545,16.0,84.0,5,31,158.72
245,37.0,34.0,23,48,-18.91
745,32.0,23.0,17,20,333.19
277,34.0,79.0,2,64,-48.16
929,26.0,80.0,9,69,277.77
272,37.0,39.0,12,26,48.91
993,18.0,29.0,19,22,443.09
448,37.0,53.0,22,46,132.12
246,30.0,67.0,7,94,-114.37
320,37.0,52.0,9,11,85.06
413,30.0,80.0,21,84,8.64
438,15.0,29.0,16,65,57.13
255,36.0,73.0,20,4,44.6
549,39.0,84.0,11,8,225.7
306,16.0,20.0,12,19,91.04
247,44.0,24.0,15,81,-45.33
772,17.0,34.0,18,62,257.5
536,40.0,47.0,19,85,77.78
225,35.0,42.0,16,71,-46.59
456,39.0,36.0,15,97,4.5
207,34.0,32.0,5,72,-76.75
824,31.0,33.0,11,70,309.64
452,34.0,30.0,15,29,173.38
891,36.0,47.0,18,81,281.9
918,35.0,61.0,13,90,286.01
502,44.0,80.0,4,15,176.1
838,43.0,83.0,17,84,229.77
255,15.0,50.0,4,4,51.39
925,34.0,29.0,16,28,423.47
725,20.0,27.0,23,46,295.75
673,43.0,40.0,15,21,314.09
227,29.0,78.0,14,77,-103.47
277,40.0,69.0,12,56,-23.67
415,40.0,88.0,3,82,-17.76
585,28.0,89.0,10,34,155.27
564,34.0,49.0,8,87,86.45
865,29.0,36.0,6,59,296.18
725,28.0,39.0,22,69,223.8
898,39.0,67.0,14,59,290.74
511,35.0,21.0,17,57,147.65
206,38.0,56.0,21,2,48.7
202,39.0,20.0,19,33,11.78
822,40.0,23.0,16,44,364.77
949,19.0,73.0,15,49,353.77
562,20.0,44.0,15,1,297.46
950,31.0,22.0,1,14,484.63
707,25.0,28.0,24,36,304.76
473,30.0,53.0,23,14,172.36
705,26.0,62.0,23,59,201.48
938,29.0,41.0,12,95,292.25
214,37.0,89.0,10,84,-105.64
391,18.0,21.0,14,63,50.59
830,41.0,85.0,10,80,186.67
684,32.0,51.0,10,97,146.96
227,35.0,35.0,20,95,-97.87
913,42.0,20.0,11,51,358.73
238,17.0,67.0,22,22,10.24
472,36.0,69.0,16,98,-16.22
430,22.0,32.0,9,36,147.78
285,37.0,34.0,15,40,41.62
673,17.0,72.0,14,56,-400.0
325,22.0,63.0,19,96,-85.18
736,32.0,27.0,9,24,359.52
344,24.0,65.0,4,36,62.42
724,39.0,88.0,21,39,196.18
411,34.0,38.0,7,84,32.05
224,31.0,57.0,22,45,-18.89
779,22.0,30.0,8,59,273.57
593,37.0,62.0,24,97,94.02
266,25.0,39.0,8,18,74.87
432,43.0,39.0,19,90,45.05
308,19.0,40.0,15,8,110.31
345,40.0,76.0,16,68,-28.38
310,27.0,69.0,22,4,67.43
427,35.0,45.0,23,88,2.49
310,37.0,49.0,9,25,66.46
669,19.0,50.0,12,18,308.08
233,38.0,61.0,16,29,2.54
822,41.0,87.0,4,99,204.14
975,27.0,80.0,5,47,351.68
568,20.0,80.0,8,15,190.95
947,43.0,89.0,1,70,316.59
794,19.0,87.0,6,17,308.0
753,23.0,36.0,15,55,288.93
624,41.0,38.0,4,20,243.07
812,30.0,70.0,21,30,316.08
717,16.0,89.0,11,0,319.19
891,15.0,82.0,5,2,386.2
481,22.0,49.0,18,94,22.26
519,42.0,44.0,24,24,195.75
937,33.0,45.0,15,7,456.7
642,44.0,75.0,18,64,137.05
514,25.0,41.0,20,61,97.76
940,42.0,38.0,13,6,489.19
576,26.0,50.0,5,6,292.72
488,26.0,45.0,1,7,220.19
636,21.0,61.0,22,18,249.56
861,40.0,60.0,18,16,378.01
476,27.0,42.0,14,10,221.24
909,41.0,66.0,5,48,358.59
781,22.0,32.0,6,10,363.55
702,43.0,85.0,24,40,243.99
823,43.0,85.0,16,61,259.35
715,36.0,35.0,22,51,277.19
549,42.0,47.0,21,65,87.91
645,40.0,54.0,12,67,157.17
549,44.0,60.0,20,91,51.69
806,23.0,50.0,18,96,193.52
863,21.0,51.0,2,74,313.4
336,40.0,73.0,23,66,-25.8
958,35.0,78.0,21,39,389.87
442,38.0,60.0,23,4,180.56
742,29.0,85.0,13,84,165.1
239,16.0,73.0,17,21,0.08
428,37.0,59.0,17,36,148.92
747,34.0,47.0,16,10,344.01
422,39.0,56.0,21,43,108.01
205,26.0,84.0,18,85,-129.44
521,15.0,74.0,8,52,96.18
667,37.0,23.0,3,76,190.22
931,36.0,29.0,17,60,367.81
274,22.0,66.0,18,66,-53.09
203,19.0,33.0,23,12,32.76
845,29.0,57.0,6,91,245.47
317,15.0,31.0,8,10,113.88
805,15.0,64.0,23,10,340.51
703,39.0,36.0,13,84,160.28
773,24.0,54.0,8,84,213.74
640,36.0,85.0,19,6,226.44
393,24.0,60.0,6,16,123.74
914,35.0,86.0,23,47,336.6
591,29.0,48.0,15,13,294.2
225,31.0,37.0,10,62,-30.84
634,36.0,39.0,17,63,178.28
372,20.0,33.0,1,96,-20.11
499,17.0,53.0,7,74,54.12
844,27.0,68.0,13,76,249.82
525,30.0,73.0,3,64,102.94
609,22.0,50.0,19,33,231.94
317,44.0,77.0,15,8,66.49
986,29.0,61.0,5,76,340.19
923,31.0,77.0,11,36,337.03
424,31.0,49.0,22,29,145.13
731,36.0,44.0,18,40,275.04
312,40.0,82.0,3,44,43.69
339,27.0,38.0,6,46,67.48
758,31.0,27.0,3,6,364.76
200,20.0,22.0,5,13,32.53
289,31.0,86.0,9,47,8.18
853,30.0,36.0,19,5,466.28
519,28.0,33.0,13,33,220.45
749,27.0,28.0,6,79,203.7
338,20.0,81.0,11,99,-84.83
710,17.0,40.0,21,45,275.44
458,28.0,56.0,21,58,61.88
872,28.0,30.0,14,69,335.95
889,29.0,39.0,6,7,428.49
209,22.0,54.0,6,23,11.84
460,43.0,72.0,17,66,53.33
849,29.0,66.0,11,3,428.32
371,36.0,71.0,15,95,-19.31
212,43.0,27.0,9,0,72.94
367,41.0,23.0,21,33,94.66
841,27.0,46.0,17,8,395.23
795,31.0,63.0,24,62,277.24
520,35.0,59.0,7,75,102.71
518,38.0,66.0,7,9,222.39
812,17.0,63.0,21,9,368.0
528,42.0,67.0,1,49,131.77
984,20.0,71.0,8,43,381.79
976,19.0,87.0,5,47,357.26
749,36.0,30.0,19,86,225.83
618,40.0,23.0,8,5,304.79
805,31.0,67.0,17,87,204.49
294,37.0,45.0,19,23,93.29
780,39.0,58.0,12,84,191.64
517,16.0,77.0,23,94,20.86
435,40.0,38.0,15,57,58.05
533,29.0,77.0,4,63,85.43
575,19.0,47.0,23,93,79.83
658,40.0,85.0,12,55,157.98
336,34.0,29.0,13,97,-41.78
787,20.0,77.0,14,81,221.52
746,20.0,33.0,5,11,347.4
712,41.0,34.0,22,34,301.2
495,32.0,52.0,16,70,72.64
519,32.0,36.0,7,88,89.23
771,18.0,43.0,15,5,345.25
548,31.0,49.0,13,64,128.0
978,39.0,81.0,16,79,316.09
428,28.0,32.0,12,59,89.66
469,28.0,81.0,7,67,75.6
997,27.0,66.0,16,28,449.3
490,21.0,35.0,23,37,150.53
924,26.0,85.0,23,91,279.34
364,37.0,62.0,13,21,108.93
204,29.0,27.0,23,7,70.53
578,33.0,22.0,3,62,175.62
277,25.0,31.0,15,95,-66.63
609,29.0,35.0,3,96,117.78
773,26.0,78.0,7,12,331.11
331,17.0,68.0,18,26,67.5
800,31.0,82.0,14,17,355.0
948,17.0,81.0,18,17,415.51
241,33.0,68.0,19,76,-69.62
288,34.0,70.0,14,85,-74.41
601,18.0,52.0,20,61,134.83
495,17.0,49.0,6,13,168.86
494,40.0,78.0,8,10,163.15
815,30.0,34.0,7,85,242.69
725,26.0,42.0,20,99,195.79
999,22.0,64.0,18,16,481.68
890,38.0,81.0,18,50,303.23
836,43.0,34.0,15,95,235.99
621,43.0,65.0,20,13,246.6
222,31.0,83.0,22,56,-52.78
774,21.0,65.0,19,92,167.93
342,25.0,75.0,22,5,156.94
864,32.0,63.0,21,56,347.69
344,15.0,48.0,21,3,120.95
424,17.0,81.0,2,10,120.87
702,18.0,71.0,8,73,187.41
815,27.0,73.0,21,91,180.06
303,20.0,76.0,11,10,90.77
238,40.0,85.0,18,98,-142.59
397,28.0,41.0,23,78,-1.53
845,19.0,39.0,13,7,403.31
778,30.0,52.0,9,83,207.18
590,29.0,44.0,9,58,175.34
378,29.0,65.0,17,20,115.85
753,44.0,76.0,7,64,181.6
647,18.0,24.0,9,92,131.57
699,22.0,74.0,22,23,281.14
214,41.0,80.0,1,29,-2.56
822,30.0,27.0,2,98,227.24
868,42.0,35.0,4,96,252.16
488,30.0,67.0,14,83,54.13
677,44.0,80.0,4,56,178.5
430,18.0,34.0,2,79,46.18
619,27.0,84.0,8,72,107.15
356,40.0,41.0,18,94,-36.98
749,42.0,22.0,19,16,315.87
640,27.0,73.0,14,58,172.92
296,16.0,33.0,20,30,88.1
610,17.0,55.0,10,63,143.51
488,36.0,86.0,17,47,124.9
453,22.0,29.0,8,22,166.28
395,38.0,68.0,14,69,-6.44
797,29.0,84.0,21,29,325.26
721,25.0,76.0,23,54,231.03
716,23.0,46.0,8,6,382.98
834,21.0,24.0,5,74,261.11
317,27.0,76.0,16,97,-76.92
358,16.0,34.0,8,11,138.74
427,22.0,49.0,10,59,89.21
415,21.0,39.0,8,51,94.85
895,38.0,56.0,9,26,380.09
214,26.0,22.0,18,11,51.88
356,33.0,60.0,3,12,127.13
847,21.0,58.0,17,71,274.14
460,24.0,45.0,20,79,64.43
356,43.0,21.0,15,61,35.61
246,39.0,42.0,21,28,40.46
523,30.0,42.0,17,34,155.17
884,17.0,35.0,8,59,304.02
329,44.0,28.0,2,28,104.46
610,24.0,32.0,17,30,246.3
294,20.0,47.0,18,76,-30.38
826,32.0,46.0,5,75,253.13
954,32.0,70.0,9,60,331.79
491,19.0,83.0,9,1,179.98
993,35.0,71.0,2,32,424.1
482,43.0,57.0,2,71,75.62
268,21.0,84.0,19,61,-57.58
859,42.0,37.0,23,58,279.26
210,16.0,82.0,3,39,-36.88
453,25.0,70.0,17,48,96.49
749,44.0,28.0,14,31,320.33
333,27.0,32.0,14,37,97.08
911,37.0,59.0,14,91,279.0
222,19.0,74.0,6,78,-79.08
545,44.0,62.0,3,86,61.92
501,20.0,63.0,1,87,30.51
562,38.0,87.0,16,12,226.72
595,40.0,52.0,4,84,123.82
417,43.0,43.0,1,53,68.69
340,28.0,55.0,17,75,12.72
815,26.0,29.0,18,12,397.74
409,18.0,39.0,8,38,128.88
822,43.0,31.0,2,22,402.28
815,37.0,81.0,18,91,245.87
882,20.0,37.0,16,13,418.74
659,24.0,82.0,10,16,285.96
555,32.0,44.0,8,23,238.73
523,29.0,31.0,12,57,166.59
332,22.0,40.0,22,62,25.49
326,40.0,44.0,16,33,85.12
305,23.0,30.0,12,50,7.87
803,19.0,83.0,11,85,191.47
998,24.0,69.0,20,9,455.43
577,34.0,81.0,19,71,91.01
250,20.0,68.0,1,20,2.39
228,30.0,33.0,3,36,16.47
661,38.0,20.0,12,6,322.47
495,41.0,44.0,9,89,49.54
496,17.0,78.0,21,12,170.55
925,24.0,88.0,22,79,294.2
978,25.0,24.0,5,29,436.78
606,25.0,38.0,1,30,198.03
968,31.0,42.0,10,4,500.23
812,18.0,28.0,17,31,346.87
604,18.0,69.0,4,15,231.25
545,31.0,35.0,15,72,112.29
821,23.0,52.0,19,21,377.73
619,33.0,21.0,8,63,185.67
381,19.0,33.0,23,43,66.28
200,36.0,20.0,15,39,42.29
766,38.0,77.0,7,36,291.93
570,20.0,35.0,15,77,118.7
860,17.0,66.0,8,15,325.78
630,36.0,63.0,23,42,200.19
508,15.0,33.0,10,83,68.57
336,34.0,43.0,18,62,50.87
401,36.0,74.0,4,14,91.15
635,30.0,34.0,15,43,267.26
512,37.0,53.0,11,89,61.54
316,25.0,21.0,22,8,110.85
865,27.0,46.0,3,64,325.79
774,41.0,42.0,15,98,178.02
443,24.0,87.0,3,43,47.61
736,17.0,33.0,15,19,315.91
801,23.0,82.0,6,69,233.65
274,42.0,84.0,1,73,-75.66
585,26.0,87.0,14,32,196.22
409,37.0,82.0,16,79,14.9
674,28.0,83.0,1,99,81.93
617,15.0,51.0,21,5,270.13
546,32.0,32.0,17,82,96.1
728,31.0,85.0,8,30,246.22
839,41.0,38.0,18,65,286.81
962,23.0,43.0,16,17,460.93
378,23.0,30.0,6,27,131.31
381,37.0,78.0,10,67,-3.15
863,24.0,34.0,10,64,292.09
224,33.0,29.0,5,79,-74.49
379,43.0,60.0,12,44,19.31
909,29.0,46.0,20,57,324.16
700,19.0,79.0,17,46,194.55
360,29.0,71.0,14,65,26.91
376,34.0,47.0,14,51,79.29
484,37.0,84.0,3,35,163.19
262,44.0,36.0,12,0,103.31
861,39.0,63.0,20,38,326.67
865,42.0,29.0,18,86,266.39
355,16.0,82.0,12,89,-68.53
668,27.0,66.0,2,74,150.37
248,38.0,57.0,2,0,87.6
283,30.0,89.0,17,74,-59.68
560,29.0,72.0,10,87,73.55
888,39.0,63.0,18,73,275.31
347,24.0,73.0,22,13,111.89
829,28.0,39.0,19,77,257.28
541,24.0,50.0,21,70,102.29
675,39.0,26.0,1,22,305.15
262,28.0,77.0,24,42,16.33
900,40.0,29.0,4,21,436.2
559,44.0,29.0,4,59,144.26
760,37.0,58.0,2,99,139.91
526,23.0,47.0,19,26,185.51
968,39.0,49.0,21,55,373.87
935,28.0,56.0,12,1,442.77
340,17.0,86.0,10,38,20.44
414,34.0,62.0,13,50,97.44
634,30.0,71.0,22,18,258.85
922,16.0,75.0,23,61,297.49
517,24.0,87.0,20,70,68.13
231,17.0,28.0,23,75,-59.28
869,25.0,42.0,15,66,298.88
484,25.0,82.0,3,62,86.05
504,35.0,80.0,23,4,162.63
628,35.0,59.0,20,71,159.64
676,36.0,63.0,13,77,148.74
485,27.0,43.0,8,60,129.66
343,21.0,70.0,7,99,-101.64
623,37.0,77.0,24,70,151.42
218,31.0,52.0,8,6,49.31
217,44.0,35.0,18,49,-17.01
968,16.0,41.0,9,45,383.5
789,26.0,76.0,6,95,200.89
570,39.0,81.0,4,71,92.08
374,24.0,89.0,15,75,-37.16
393,32.0,49.0,5,73,56.53
701,36.0,42.0,5,13,313.15
312,41.0,51.0,7,72,-15.96
313,25.0,76.0,9,93,-61.87
421,30.0,28.0,7,68,55.56
877,31.0,50.0,9,64,321.59
843,33.0,28.0,20,64,320.79
463,32.0,32.0,10,56,83.7
254,17.0,77.0,4,61,-53.04
842,35.0,22.0,6,19,394.42
999,41.0,54.0,24,74,377.45
977,40.0,40.0,14,25,460.67
657,30.0,83.0,9,43,217.73
361,20.0,71.0,1,66,-43.08
579,39.0,53.0,17,69,136.15
286,26.0,54.0,13,61,-27.92
254,25.0,34.0,24,44,35.97
675,29.0,25.0,7,10,326.85
999,29.0,51.0,9,71,355.07
377,30.0,71.0,11,92,-42.18
590,24.0,47.0,3,73,126.3
548,26.0,83.0,12,33,137.26
207,42.0,38.0,21,87,-129.27
512,27.0,34.0,3,45,154.09
958,18.0,25.0,15,80,363.6
642,21.0,57.0,21,31,248.99
966,36.0,45.0,10,74,356.18
527,16.0,70.0,1,97,46.99
253,40.0,72.0,14,87,-98.83
960,41.0,75.0,20,4,437.67
438,41.0,78.0,6,62,33.08
428,41.0,89.0,2,28,78.49
778,29.0,77.0,23,47,287.32
250,22.0,32.0,8,97,-110.42
808,21.0,62.0,1,15,395.81
803,29.0,70.0,4,24,318.39
463,37.0,38.0,4,71,98.31
617,28.0,40.0,5,28,273.52
295,22.0,43.0,20,51,28.74
287,42.0,45.0,9,45,49.86
277,26.0,64.0,23,24,44.43
487,27.0,47.0,13,22,185.22
319,44.0,48.0,18,33,58.74
690,25.0,36.0,17,66,224.5
651,31.0,87.0,1,93,64.87
699,43.0,63.0,22,33,250.33
364,31.0,80.0,15,31,90.16
381,38.0,87.0,2,28,66.91
668,18.0,44.0,16,8,340.99
934,35.0,86.0,20,65,311.46
206,22.0,21.0,22,56,-14.81
529,19.0,68.0,5,38,178.37
974,40.0,89.0,22,6,443.09
872,30.0,45.0,19,68,338.29
350,18.0,46.0,5,7,138.96
284,42.0,37.0,2,95,-66.1
346,36.0,73.0,7,17,72.92
823,43.0,20.0,3,81,281.18
580,29.0,80.0,17,48,145.67
747,26.0,22.0,24,15,354.72
484,19.0,87.0,24,20,168.58
899,44.0,60.0,3,9,404.32
281,37.0,56.0,13,3,102.31
713,30.0,70.0,7,43,249.07
908,28.0,34.0,24,7,455.42
722,24.0,27.0,3,54,257.31
945,21.0,57.0,15,18,406.63
585,27.0,75.0,18,63,143.05
906,34.0,66.0,10,39,375.38
670,42.0,29.0,23,50,219.26
318,43.0,68.0,7,8,80.05
595,19.0,60.0,9,29,226.31
731,43.0,49.0,5,55,231.97
460,17.0,24.0,20,80,60.05
455,29.0,50.0,8,43,105.42
933,18.0,71.0,14,58,324.68
425,29.0,42.0,4,14,153.43
252,28.0,67.0,20,67,-63.5
699,34.0,59.0,14,69,179.17
705,33.0,25.0,12,60,261.42
563,27.0,57.0,2,79,75.86
479,24.0,60.0,13,89,35.58
792,35.0,46.0,1,22,344.34
913,19.0,88.0,20,76,294.48
357,41.0,76.0,7,46,45.94
831,37.0,36.0,9,16,363.05
258,34.0,66.0,17,56,-38.91
926,43.0,32.0,21,53,361.82
327,34.0,30.0,23,90,-40.16
935,39.0,43.0,13,51,385.22
920,20.0,23.0,23,21,437.0
314,18.0,65.0,10,82,-61.57
408,16.0,37.0,16,38,121.62
725,36.0,62.0,6,98,122.4
720,30.0,52.0,16,12,325.09
751,32.0,29.0,11,77,238.41
436,19.0,78.0,20,94,-26.63
480,36.0,50.0,3,65,24.71
558,18.0,47.0,9,51,159.68
400,44.0,79.0,15,13,124.05
957,27.0,22.0,13,72,340.9
477,33.0,74.0,10,73,9.89
434,37.0,33.0,20,62,66.35
693,16.0,77.0,24,70,158.68
203,27.0,34.0,13,27,24.64
865,25.0,21.0,17,88,237.61
641,44.0,43.0,7,45,215.41
228,36.0,83.0,6,27,18.38
308,43.0,43.0,13,1,136.54
809,18.0,46.0,17,16,386.19
926,36.0,56.0,15,58,317.04
274,34.0,58.0,4,51,15.08
345,34.0,82.0,15,3,94.67
327,29.0,45.0,14,76,6.43
241,18.0,84.0,21,81,-125.8
555,23.0,23.0,11,2,281.49
240,21.0,48.0,24,36,41.5
233,33.0,20.0,4,96,-64.79
216,33.0,69.0,3,23,-4.45
876,20.0,30.0,2,71,281.02
352,20.0,78.0,20,34,66.73
577,34.0,81.0,10,1,272.14
787,29.0,55.0,13,32,332.25
798,29.0,75.0,20,75,217.48
828,39.0,40.0,21,85,243.44
541,34.0,32.0,23,76,123.8
226,23.0,28.0,18,9,73.71
486,18.0,30.0,21,80,50.47
845,32.0,89.0,16,61,290.42
930,32.0,20.0,11,42,446.67
367,19.0,89.0,10,68,9.98
809,34.0,75.0,9,58,220.73
467,37.0,50.0,12,8,215.57
948,44.0,56.0,19,76,319.36
654,25.0,66.0,1,59,169.75
884,19.0,66.0,18,62,256.96
600,36.0,88.0,14,51,148.13
675,40.0,77.0,22,22,260.92
901,18.0,55.0,21,29,357.01
833,43.0,51.0,1,42,342.4
757,26.0,83.0,17,67,235.31
775,16.0,61.0,11,20,330.01
329,27.0,67.0,20,42,12.29
562,24.0,49.0,15,72,113.46
904,23.0,40.0,4,6,459.27
892,24.0,79.0,15,15,403.35
491,21.0,32.0,22,22,175.67
570,18.0,20.0,22,57,158.05
993,33.0,84.0,14,86,288.85
228,24.0,52.0,22,30,10.94
348,44.0,57.0,1,68,-16.73
978,17.0,44.0,9,5,463.72
495,39.0,45.0,7,64,94.7
210,35.0,78.0,23,58,-68.1
711,43.0,52.0,11,27,301.59
875,33.0,60.0,23,17,360.02
312,35.0,49.0,2,87,-23.21
386,16.0,76.0,2,76,-32.25
943,41.0,68.0,6,96,296.26
426,34.0,67.0,23,9,171.36
509,24.0,68.0,19,6,217.3
297,16.0,66.0,20,36,19.67
254,16.0,75.0,14,95,-85.84
822,42.0,84.0,3,44,281.89
863,38.0,31.0,7,85,300.48
957,31.0,88.0,7,15,413.26
605,30.0,25.0,4,87,153.08
268,30.0,84.0,23,13,92.16
511,28.0,44.0,5,10,206.49
2000,21.0,20.0,17,82,87.43
961,35.0,51.0,4,86,295.62
747,25.0,22.0,23,33,329.84
950,38.0,68.0,13,59,378.38
347,15.0,38.0,16,12,99.78
666,25.0,79.0,16,38,224.22
938,37.0,48.0,2,43,366.41
443,35.0,69.0,18,27,125.86
690,18.0,21.0,1,39,282.72
706,21.0,75.0,18,15,281.54
564,40.0,36.0,8,49,202.88
681,29.0,79.0,11,27,265.82
400,32.0,55.0,24,67,13.13
353,26.0,80.0,24,91,-50.25
649,31.0,36.0,15,59,238.17
700,15.0,68.0,16,11,301.45
272,25.0,79.0,17,15,55.62
912,42.0,39.0,17,52,346.05
495,15.0,69.0,12,53,91.11
216,29.0,22.0,10,48,4.22
840,42.0,62.0,20,35,279.08
416,35.0,76.0,6,61,49.27
260,24.0,69.0,8,83,-65.47
815,21.0,87.0,13,25,302.89
241,16.0,69.0,2,55,-44.8
224,24.0,56.0,19,89,-99.73
238,38.0,65.0,22,21,43.51
330,18.0,61.0,10,72,-25.45
697,26.0,34.0,4,68,226.14
428,33.0,52.0,12,80,6.97
307,40.0,30.0,18,48,16.56
371,25.0,39.0,7,97,-18.53
634,22.0,43.0,20,1,298.11
677,32.0,83.0,24,52,167.94
301,25.0,84.0,24,6,87.3
723,25.0,36.0,23,99,139.35
474,27.0,80.0,4,76,95.15
812,17.0,34.0,7,19,322.28
243,26.0,70.0,10,93,-112.1
216,17.0,46.0,15,29,-13.92
529,24.0,80.0,12,74,90.07
768,41.0,77.0,1,94,151.54
696,31.0,50.0,20,66,229.86
211,36.0,31.0,18,58,-16.6
517,16.0,65.0,16,65,64.19
791,31.0,50.0,5,2,375.3
415,30.0,51.0,19,55,70.56
538,16.0,51.0,4,78,80.95
975,42.0,72.0,6,16,428.32
860,36.0,80.0,17,51,314.36
280,44.0,65.0,7,6,77.88
926,34.0,26.0,24,4,463.45
684,20.0,23.0,23,97,133.55
573,42.0,71.0,7,96,35.63
909,39.0,50.0,9,53,349.75
399,43.0,55.0,13,60,35.99
736,24.0,73.0,20,15,350.81
665,42.0,73.0,14,66,160.95
288,24.0,36.0,16,58,10.17
467,22.0,49.0,23,46,80.03
854,15.0,41.0,9,47,298.14
770,27.0,62.0,15,63,221.87
688,38.0,46.0,5,49,223.34
737,23.0,56.0,18,84,154.51
246,36.0,65.0,21,40,-27.0
487,24.0,54.0,20,71,88.75
977,29.0,23.0,8,21,458.55
215,19.0,45.0,15,53,-37.77
910,36.0,38.0,21,4,466.74
600,30.0,64.0,9,16,265.73
993,27.0,45.0,19,77,358.4
285,36.0,41.0,22,40,43.8
449,39.0,77.0,6,91,12.1
590,34.0,82.0,4,94,74.39
981,32.0,47.0,11,80,360.26
534,25.0,84.0,10,34,109.63
828,41.0,63.0,3,39,312.13
718,23.0,62.0,1,21,296.01
336,30.0,56.0,12,47,43.64
887,16.0,85.0,23,52,301.51
697,40.0,36.0,15,92,150.38
926,39.0,59.0,15,9,449.08
676,16.0,57.0,21,17,264.69
793,26.0,80.0,14,98,167.0
422,22.0,28.0,7,79,70.98
571,23.0,80.0,17,48,171.74
601,26.0,35.0,24,70,160.9
642,40.0,21.0,19,29,253.56
689,23.0,62.0,7,18,252.26
814,24.0,61.0,3,54,281.07
472,39.0,76.0,3,59,80.16
725,16.0,86.0,18,86,126.73
358,30.0,49.0,20,71,15.82
351,34.0,32.0,22,80,-4.32
819,21.0,38.0,14,20,334.81
387,42.0,26.0,3,25,129.99
297,16.0,28.0,7,27,78.85
330,15.0,73.0,7,38,32.29
370,33.0,80.0,5,32,104.15
382,42.0,21.0,3,39,94.46
563,18.0,69.0,18,82,68.02
238,38.0,50.0,15,28,68.63
726,36.0,52.0,20,19,287.53
696,41.0,30.0,14,19,295.2
715,16.0,52.0,4,73,196.07
548,39.0,26.0,24,11,270.31
596,28.0,50.0,8,96,112.1
921,16.0,67.0,21,24,367.35
360,43.0,66.0,13,24,114.15
215,29.0,72.0,22,3,62.73
692,26.0,38.0,8,3,323.01
625,19.0,25.0,15,8,279.85
307,42.0,68.0,17,14,73.48
649,34.0,69.0,5,25,290.0
510,43.0,31.0,20,78,88.35
938,21.0,42.0,4,89,336.36
369,38.0,73.0,11,91,-29.49
745,35.0,88.0,18,70,168.1
613,24.0,78.0,10,31,233.7
450,28.0,55.0,17,75,32.22
958,28.0,22.0,15,98,298.6
980,19.0,77.0,6,51,367.72
340,32.0,74.0,23,31,62.83
473,38.0,76.0,21,8,191.62
615,28.0,36.0,16,77,163.08
807,16.0,58.0,15,12,354.29
938,40.0,87.0,8,55,358.28
238,26.0,74.0,9,43,-28.59
228,36.0,64.0,11,96,-145.0
676,38.0,20.0,2,95,165.47
517,20.0,40.0,13,82,75.99
444,18.0,40.0,4,29,144.71
947,27.0,71.0,9,15,445.21
896,18.0,62.0,5,11,403.1
471,36.0,71.0,19,73,86.22
639,28.0,86.0,22,65,155.55
947,30.0,63.0,3,17,427.44
438,43.0,51.0,21,12,172.29
576,18.0,29.0,3,92,93.49
465,38.0,83.0,6,23,136.02
558,39.0,88.0,10,11,181.58
539,15.0,87.0,5,59,70.99
588,27.0,47.0,3,59,185.43
776,18.0,72.0,22,92,146.11
888,34.0,70.0,24,85,255.15
202,32.0,72.0,7,99,-140.38
628,20.0,23.0,22,0,343.26
341,17.0,36.0,18,42,49.52
575,37.0,86.0,23,54,146.23
869,27.0,66.0,8,39,341.14
523,41.0,75.0,1,63,44.85
345,30.0,42.0,4,33,91.07
492,41.0,37.0,24,33,160.46
864,19.0,20.0,7,47,360.5
631,18.0,54.0,14,32,212.6
904,35.0,83.0,13,67,280.08
784,22.0,77.0,10,29,326.02
598,33.0,78.0,23,83,90.18
543,28.0,20.0,18,89,63.98
339,21.0,22.0,1,78,11.86
386,28.0,86.0,4,70,18.35
260,20.0,56.0,16,70,-36.72
579,26.0,48.0,16,28,206.94
909,30.0,52.0,18,22,414.35
639,31.0,80.0,8,33,230.88
518,27.0,23.0,10,83,116.18
501,37.0,33.0,16,14,222.79
543,28.0,52.0,23,96,78.16
210,43.0,41.0,24,52,-51.54
261,21.0,67.0,11,16,1.35
425,28.0,22.0,6,63,108.82
352,29.0,42.0,1,83,-26.12
910,26.0,87.0,12,60,302.67
763,31.0,40.0,6,56,290.61
971,23.0,62.0,13,76,324.58
770,36.0,45.0,17,87,220.35
783,29.0,60.0,1,36,358.55
859,26.0,57.0,8,6,421.08
774,16.0,30.0,22,7,356.33
509,19.0,48.0,8,86,27.41
442,27.0,79.0,24,77,35.83
692,41.0,86.0,11,67,166.23
565,34.0,84.0,14,20,171.17
529,37.0,80.0,24,60,122.13
306,22.0,38.0,10,73,-3.22
425,41.0,65.0,15,85,-1.68
417,28.0,68.0,7,93,30.29
952,29.0,41.0,7,93,324.06
705,25.0,76.0,10,79,143.14
458,15.0,33.0,4,74,82.95
973,35.0,63.0,18,85,313.85
716,17.0,35.0,10,28,332.07
972,31.0,31.0,19,24,479.46
253,42.0,74.0,14,57,-38.76
246,33.0,70.0,13,13,58.25
926,28.0,58.0,15,77,282.73
888,36.0,52.0,16,65,299.36
720,44.0,52.0,2,53,235.77
298,37.0,48.0,4,76,-62.33
219,22.0,88.0,21,66,-82.21
952,27.0,89.0,18,29,375.93
772,41.0,50.0,17,17,329.54
689,34.0,50.0,10,53,242.36
618,17.0,65.0,21,99,63.18
889,19.0,71.0,9,20,388.34
261,23.0,29.0,15,52,10.85
344,43.0,60.0,12,82,-59.57
415,20.0,22.0,21,15,186.28
202,39.0,78.0,9,27,2.56
359,36.0,71.0,14,3,147.19
938,16.0,53.0,13,54,386.85
980,27.0,68.0,6,14,444.78
319,19.0,47.0,19,63,-40.34
288,42.0,32.0,4,64,-22.74
528,41.0,88.0,20,15,195.99
779,39.0,86.0,17,19,309.22
556,22.0,80.0,19,63,78.1
809,37.0,79.0,3,32,275.68
466,15.0,43.0,14,80,72.31
816,34.0,82.0,17,68,254.57
522,26.0,80.0,13,68,72.37
834,37.0,42.0,9,57,340.35
740,25.0,49.0,1,38,338.78
848,21.0,79.0,17,76,261.1
394,29.0,37.0,16,35,131.01
937,36.0,75.0,18,93,272.72
531,38.0,72.0,2,67,107.96
369,25.0,26.0,14,86,43.32
720,43.0,88.0,22,20,250.55
662,36.0,71.0,23,62,169.32
239,40.0,23.0,17,84,-67.91
736,30.0,53.0,3,5,363.89
460,17.0,88.0,2,23,152.31
594,34.0,52.0,8,52,184.56
425,28.0,88.0,2,94,-14.55
323,17.0,57.0,2,82,-34.02
237,15.0,45.0,9,75,-73.19
527,40.0,20.0,20,77,99.53
450,35.0,23.0,21,49,126.59
375,29.0,58.0,6,11,123.56
801,15.0,73.0,12,55,241.41
653,31.0,52.0,9,14,295.71
236,16.0,52.0,7,82,-102.16
515,43.0,39.0,12,91,91.38
887,34.0,35.0,5,39,379.98
995,20.0,40.0,16,40,450.44
792,22.0,64.0,5,68,213.9
313,43.0,81.0,12,68,-68.54
239,30.0,50.0,24,5,79.23
500,33.0,61.0,20,86,69.34
423,15.0,31.0,9,66,48.05
517,17.0,84.0,23,32,135.54
548,42.0,22.0,7,42,205.4
314,17.0,28.0,19,20,86.94
897,19.0,70.0,20,83,243.0
522,41.0,35.0,23,64,132.07
767,26.0,22.0,11,16,341.37
239,26.0,43.0,21,92,-99.22
239,34.0,32.0,12,7,89.34
948,27.0,21.0,3,63,385.58
488,34.0,40.0,17,89,70.05
461,23.0,38.0,7,27,180.32
415,21.0,66.0,22,97,-35.4
346,18.0,41.0,10,89,-15.75
535,33.0,52.0,23,12,235.17
367,36.0,51.0,15,12,144.27
291,33.0,83.0,2,37,3.37
552,20.0,58.0,13,24,210.5
770,41.0,61.0,4,61,236.44
770,27.0,28.0,18,22,354.46
880,25.0,44.0,24,85,276.1
980,27.0,21.0,23,20,520.86
562,27.0,38.0,1,53,150.8
756,42.0,39.0,2,62,269.99
544,39.0,89.0,2,29,187.81
892,36.0,36.0,4,74,323.11
369,42.0,87.0,3,67,-25.76
555,34.0,22.0,17,96,124.78
390,29.0,70.0,14,75,0.66
866,35.0,45.0,2,72,304.04
621,27.0,75.0,16,31,218.37
899,36.0,83.0,11,74,265.47
206,25.0,27.0,13,23,50.63
332,33.0,56.0,1,6,159.79
946,22.0,46.0,23,71,337.03
756,34.0,64.0,2,96,207.37
960,22.0,23.0,2,88,320.33
230,24.0,56.0,21,0,76.05
734,40.0,52.0,5,2,321.58
625,30.0,50.0,4,27,238.59
593,33.0,74.0,12,42,174.98
871,40.0,31.0,3,96,243.67
562,37.0,30.0,20,45,167.5
636,25.0,51.0,10,0,287.76
869,27.0,76.0,20,37,333.82
750,42.0,57.0,18,90,196.23
281,23.0,79.0,21,34,-14.96
555,34.0,38.0,21,73,82.41
457,38.0,75.0,21,75,-3.47
917,33.0,33.0,10,73,311.4
788,30.0,52.0,1,53,298.54
723,21.0,29.0,6,97,162.52
494,33.0,83.0,11,23,148.3
423,26.0,83.0,2,27,99.6
724,29.0,81.0,7,21,252.64
245,37.0,87.0,20,15,43.98
866,28.0,62.0,21,12,426.51
312,25.0,78.0,21,99,-101.51
432,40.0,71.0,21,99,-27.49
216,24.0,38.0,18,61,-38.43
559,41.0,40.0,21,42,156.89
422,25.0,41.0,19,86,12.47
899,20.0,28.0,4,77,341.77
647,16.0,28.0,13,31,254.57
564,25.0,46.0,18,66,139.87
874,33.0,36.0,20,90,254.43
525,20.0,63.0,24,82,53.75
666,28.0,64.0,13,85,155.63
613,34.0,27.0,19,56,181.96
654,20.0,37.0,17,64,222.5
785,31.0,52.0,1,68,220.62
432,24.0,20.0,6,48,105.74
423,42.0,25.0,19,32,104.65
611,15.0,60.0,20,18,260.54
771,17.0,74.0,1,35,278.52
534,22.0,24.0,8,69,121.17
421,22.0,78.0,17,14,139.5
236,41.0,37.0,21,99,-83.02
477,34.0,68.0,22,96,15.47
395,36.0,84.0,15,23,119.7
683,29.0,73.0,18,26,258.18
441,38.0,80.0,7,48,53.72
523,21.0,27.0,16,74,111.89
930,25.0,22.0,7,22,429.95
391,21.0,44.0,17,32,118.82
216,43.0,88.0,4,40,-55.39
723,18.0,74.0,12,55,212.36
600,39.0,59.0,13,28,171.19
904,26.0,69.0,4,30,374.71
221,40.0,52.0,21,64,-64.9
673,20.0,37.0,1,97,157.81
319,28.0,76.0,1,17,95.65
409,26.0,35.0,7,81,30.63
505,25.0,57.0,9,5,183.54
469,33.0,60.0,1,51,95.55
903,35.0,26.0,16,39,415.13
886,19.0,72.0,18,64,284.53
484,28.0,82.0,22,41,94.86
915,35.0,51.0,15,93,293.49
875,38.0,57.0,6,67,259.58
962,30.0,41.0,2,31,432.04
426,39.0,35.0,9,9,188.66
580,27.0,71.0,4,68,125.12
659,39.0,48.0,13,8,272.42
206,43.0,35.0,23,68,-84.88
228,36.0,36.0,22,60,-44.56
232,36.0,83.0,11,10,49.69
845,39.0,32.0,13,98,235.76
278,34.0,75.0,11,90,-99.65
658,36.0,24.0,19,67,209.68
769,18.0,31.0,8,73,222.75
737,25.0,60.0,7,96,174.12
681,31.0,22.0,16,7,350.76
629,21.0,52.0,3,48,193.06
937,28.0,69.0,17,23,408.5
484,40.0,75.0,18,32,123.36
715,25.0,28.0,15,18,348.77
298,42.0,69.0,17,1,96.62
596,36.0,48.0,11,54,169.87
688,23.0,58.0,5,10,284.19
238,37.0,64.0,16,98,-112.91
470,27.0,36.0,15,16,204.96
996,37.0,75.0,10,41,386.89
356,32.0,65.0,14,60,13.0
274,42.0,86.0,2,2,61.16
999,25.0,88.0,16,85,279.98
329,29.0,33.0,19,34,86.82
886,39.0,86.0,8,84,206.79
283,40.0,42.0,15,88,-91.54
221,39.0,80.0,10,65,-93.44
658,36.0,42.0,5,0,308.53
738,43.0,46.0,20,6,350.53
906,33.0,73.0,16,19,403.96
581,15.0,29.0,21,42,221.88
947,18.0,35.0,22,5,470.31
639,28.0,60.0,12,54,197.17
803,28.0,74.0,23,99,158.79
220,17.0,80.0,13,20,-21.82
502,44.0,68.0,9,50,106.19
283,42.0,71.0,17,45,-3.92
973,31.0,21.0,20,34,454.94
858,17.0,69.0,12,99,228.49
652,30.0,62.0,5,7,272.66
586,28.0,27.0,24,67,198.1
706,44.0,78.0,12,15,249.3
456,34.0,84.0,1,66,54.26
769,43.0,31.0,20,70,217.62
726,27.0,23.0,16,63,265.78
361,29.0,60.0,12,1,117.67
362,28.0,26.0,9,0,121.25
992,38.0,88.0,13,57,354.52
991,39.0,88.0,17,0,461.35
723,33.0,49.0,17,6,364.97
985,20.0,25.0,4,87,337.31
470,24.0,38.0,14,68,70.0
691,41.0,85.0,19,84,120.05
407,29.0,29.0,7,91,81.77
738,35.0,35.0,3,17,320.41
783,36.0,56.0,1,87,215.14
259,34.0,51.0,12,31,42.89
629,40.0,66.0,15,44,204.11
856,20.0,62.0,11,32,354.52
804,37.0,55.0,10,73,238.45
508,39.0,45.0,2,72,53.36
719,24.0,29.0,4,48,272.16
790,21.0,50.0,17,32,319.44
226,36.0,48.0,17,96,-110.82
885,31.0,24.0,8,70,337.65
761,32.0,20.0,23,67,257.88
398,31.0,22.0,14,27,133.69
586,23.0,86.0,24,86,91.12
548,24.0,54.0,4,52,140.42
892,24.0,34.0,6,95,256.33
735,39.0,86.0,19,43,227.05
577,21.0,49.0,24,79,121.24
757,30.0,62.0,4,54,254.55
726,43.0,79.0,3,9,346.76
352,32.0,59.0,20,13,119.15
933,20.0,84.0,6,35,339.82
405,41.0,48.0,23,33,96.41
654,34.0,38.0,7,87,163.61
472,15.0,22.0,14,17,178.0
435,15.0,55.0,12,15,146.91
939,26.0,62.0,16,36,409.62
720,35.0,34.0,20,40,305.38
877,42.0,60.0,8,24,361.46
925,16.0,55.0,23,7,428.81
700,18.0,52.0,2,87,156.94
316,31.0,24.0,13,83,14.25
585,18.0,33.0,8,93,72.95
543,25.0,87.0,21,83,64.24
783,36.0,66.0,20,17,337.76
594,40.0,73.0,16,67,104.36
263,18.0,23.0,4,47,42.6
916,15.0,28.0,16,99,285.21
920,21.0,72.0,20,69,330.37
271,44.0,79.0,6,66,-39.35
988,32.0,65.0,4,17,455.2
473,23.0,73.0,16,17,171.74
519,43.0,56.0,23,55,121.69
537,17.0,42.0,23,22,184.01
565,22.0,46.0,21,34,170.26
694,43.0,89.0,13,5,292.28
806,38.0,85.0,5,25,317.63
365,33.0,80.0,15,84,-41.58
743,18.0,70.0,8,60,216.4
210,32.0,69.0,7,87,-80.71
500,34.0,38.0,14,14,168.21
928,41.0,20.0,7,90,314.0
301,25.0,59.0,22,31,67.2
624,41.0,51.0,7,11,286.55
591,28.0,41.0,23,4,254.28
978,39.0,85.0,18,63,327.24
413,32.0,59.0,10,70,30.69
890,42.0,57.0,18,85,265.34
287,42.0,67.0,14,26,15.26
752,43.0,74.0,10,78,190.37
600,30.0,74.0,7,44,165.1
787,17.0,70.0,7,34,287.3
245,29.0,79.0,7,25,47.25
871,41.0,27.0,5,22,417.09
662,41.0,87.0,1,12,259.78
791,18.0,28.0,14,89,192.4
509,19.0,21.0,18,2,252.6
285,31.0,89.0,13,28,36.34
291,21.0,78.0,8,65,-85.14
859,30.0,38.0,8,63,323.07
872,28.0,47.0,10,27,364.08
913,40.0,33.0,17,86,262.16
441,30.0,43.0,6,35,115.71
201,21.0,63.0,15,5,-3.88
424,23.0,75.0,15,10,136.65
944,18.0,70.0,16,37,354.69
788,44.0,51.0,8,33,332.61
315,44.0,69.0,19,80,-65.93
865,36.0,60.0,20,66,274.15
302,25.0,85.0,15,45,-29.76
393,16.0,44.0,3,97,-38.41
365,26.0,80.0,6,85,-10.98
289,26.0,85.0,8,28,61.1
885,44.0,61.0,16,59,295.86
321,18.0,84.0,15,53,-12.44
342,32.0,55.0,13,92,-28.24
305,40.0,28.0,20,68,-23.16
627,35.0,55.0,15,73,156.23
504,21.0,57.0,18,73,122.13
516,43.0,52.0,13,8,225.9
834,15.0,61.0,24,84,238.56
208,40.0,80.0,8,76,-86.72
973,40.0,65.0,14,9,471.23
272,37.0,80.0,11,74,-75.86
558,40.0,37.0,6,67,107.7
422,27.0,89.0,24,57,40.63
615,20.0,34.0,1,94,91.66
752,20.0,67.0,2,51,240.36
569,26.0,32.0,13,33,199.13
915,22.0,62.0,1,34,368.25
463,38.0,79.0,24,32,88.14
889,36.0,76.0,24,71,265.08
517,33.0,36.0,4,31,198.06
283,19.0,69.0,24,54,-7.59
517,32.0,51.0,23,96,57.97
310,44.0,41.0,2,7,99.38
450,19.0,74.0,21,45,87.6
582,44.0,76.0,20,13,255.38
206,39.0,32.0,16,97,-131.51
658,24.0,66.0,3,7,320.0
283,15.0,81.0,17,70,-96.03
407,24.0,73.0,5,76,-27.93
589,19.0,48.0,8,53,163.4
513,26.0,41.0,12,20,203.8
221,36.0,84.0,23,95,-165.46
609,44.0,48.0,12,74,125.17
714,41.0,67.0,1,13,307.95
326,21.0,24.0,1,74,-18.2
899,23.0,54.0,15,1,461.17
213,36.0,65.0,17,97,-113.55
211,35.0,54.0,2,60,-28.25
286,26.0,64.0,17,16,51.14
723,37.0,32.0,20,77,194.09
736,43.0,29.0,9,88,186.54
500,15.0,85.0,12,47,89.56
442,25.0,89.0,4,90,-20.61
321,44.0,44.0,13,7,125.67
346,35.0,63.0,4,55,36.13
766,29.0,79.0,7,16,307.41
949,16.0,66.0,14,68,293.53
555,34.0,59.0,9,11,206.47
884,21.0,26.0,23,37,363.02
932,35.0,65.0,1,17,437.52
830,26.0,42.0,1,25,370.97
508,36.0,65.0,20,94,50.72
894,32.0,32.0,4,36,357.7
487,17.0,40.0,1,69,87.72
506,21.0,20.0,22,40,176.71
793,25.0,38.0,10,78,267.76
922,32.0,79.0,2,41,351.32
861,26.0,52.0,21,89,239.55
748,20.0,23.0,24,75,261.13
551,19.0,22.0,15,40,188.83
511,40.0,71.0,3,46,123.8
258,15.0,47.0,23,13,69.83
842,26.0,89.0,9,0,353.74
913,41.0,89.0,17,16,386.57
954,40.0,74.0,21,96,236.6
234,25.0,76.0,13,54,-47.85
644,18.0,35.0,3,92,121.91
292,41.0,43.0,4,52,-1.13
406,32.0,88.0,4,30,103.03
552,18.0,60.0,11,61,121.15
531,31.0,66.0,7,7,202.83
924,16.0,88.0,11,29,341.1
358,43.0,50.0,24,76,6.1
223,38.0,49.0,11,79,-84.91
603,36.0,37.0,10,65,136.37
715,16.0,63.0,5,44,229.72
931,26.0,46.0,13,17,433.3
563,20.0,45.0,12,98,40.97
581,24.0,79.0,10,44,148.41
731,39.0,37.0,7,18,344.01
351,37.0,75.0,19,76,22.44
761,39.0,50.0,19,67,239.8
888,35.0,78.0,19,82,228.9
807,37.0,21.0,12,49,316.3
816,41.0,58.0,20,24,343.64
619,30.0,80.0,22,37,218.18
449,28.0,82.0,15,94,7.15
316,21.0,37.0,5,35,90.69
711,42.0,36.0,24,67,213.82
939,42.0,58.0,14,55,346.0
777,33.0,73.0,12,38,251.59
534,37.0,54.0,21,62,97.84
617,31.0,30.0,11,6,274.9
973,23.0,80.0,5,57,331.94
494,40.0,63.0,16,79,28.26
954,27.0,87.0,18,58,313.82
570,36.0,44.0,12,47,198.89
385,19.0,67.0,5,4,98.48
445,37.0,51.0,16,86,19.58
836,19.0,23.0,12,35,375.48
467,24.0,57.0,23,95,8.02
842,35.0,82.0,2,87,244.04
436,41.0,66.0,6,24,113.81
729,24.0,20.0,23,44,324.76
751,41.0,22.0,21,91,168.88
220,21.0,81.0,4,18,35.98
936,40.0,83.0,13,6,406.52
993,29.0,36.0,10,57,431.05
719,21.0,81.0,17,80,150.49
299,43.0,54.0,14,65,-2.26
951,41.0,32.0,24,79,351.73
677,29.0,54.0,15,38,240.39
798,17.0,62.0,8,17,360.14
497,33.0,21.0,23,0,252.39
725,24.0,75.0,24,62,178.3
533,42.0,70.0,18,2,228.92
201,43.0,73.0,3,20,-23.78
574,29.0,35.0,17,29,215.44
492,17.0,37.0,24,10,187.54
752,20.0,26.0,24,21,346.36
517,26.0,64.0,7,56,96.64
701,29.0,55.0,13,88,139.82
580,20.0,60.0,16,2,234.13
822,27.0,61.0,5,29,327.5
213,43.0,26.0,4,87,-83.32
703,33.0,34.0,10,44,286.03
430,17.0,79.0,13,35,105.59
283,22.0,59.0,10,86,-73.85
329,22.0,56.0,14,71,-16.66
942,37.0,85.0,22,63,312.03
344,40.0,74.0,12,53,20.88
227,34.0,75.0,1,67,-51.56
265,29.0,63.0,21,49,-6.87
362,18.0,76.0,20,30,74.55
428,33.0,25.0,20,28,130.99
460,35.0,51.0,7,58,107.25
648,17.0,37.0,9,35,245.52
623,27.0,87.0,8,76,96.8
659,22.0,26.0,13,72,209.44
875,37.0,27.0,14,84,258.43
500,30.0,83.0,12,66,31.1
502,27.0,26.0,8,88,92.64
486,17.0,60.0,21,88,35.41
594,30.0,59.0,22,75,105.28
209,23.0,22.0,18,92,-87.94
906,42.0,36.0,16,10,458.5
829,28.0,85.0,11,10,370.77
469,27.0,71.0,16,25,196.32
791,35.0,41.0,14,52,275.23
804,39.0,23.0,3,13,342.29
977,21.0,25.0,21,63,352.33
560,29.0,57.0,2,79,57.31
456,21.0,45.0,3,9,228.78
332,20.0,30.0,4,30,86.5
475,16.0,36.0,22,94,66.43
975,23.0,50.0,5,35,410.76
882,36.0,54.0,10,9,398.6
712,38.0,35.0,20,25,269.4
512,31.0,37.0,2,19,204.86
775,19.0,81.0,12,43,279.13
483,26.0,46.0,5,61,97.56
320,15.0,54.0,5,72,-61.15
306,24.0,64.0,23,78,-33.04
886,25.0,54.0,1,8,438.88
403,30.0,47.0,4,70,33.45
364,28.0,28.0,21,89,-15.7
504,22.0,34.0,24,23,160.21
696,38.0,40.0,12,11,331.76
831,31.0,71.0,12,59,271.8
755,39.0,54.0,16,83,141.67
355,32.0,70.0,24,77,-46.85
566,26.0,74.0,17,85,88.54
918,39.0,63.0,21,15,406.86
819,31.0,84.0,10,28,303.34
450,42.0,44.0,17,31,136.98
533,40.0,66.0,17,82,47.55
841,28.0,75.0,18,34,319.29
710,30.0,57.0,2,42,255.51
492,28.0,30.0,4,95,87.91
219,23.0,86.0,19,52,-27.13
481,18.0,34.0,11,19,145.53
996,39.0,20.0,17,83,353.71
200,37.0,26.0,12,7,37.76
318,25.0,20.0,2,98,-64.36
234,20.0,68.0,6,41,-56.88
397,29.0,48.0,9,76,9.4
684,19.0,45.0,5,69,165.14
956,25.0,64.0,20,15,459.11
258,39.0,31.0,21,68,-46.54
360,32.0,51.0,9,52,11.88
890,44.0,39.0,23,44,353.44
405,27.0,70.0,8,50,59.61
211,25.0,55.0,20,97,-133.22
689,28.0,86.0,8,5,309.95
475,42.0,20.0,22,32,191.49
892,32.0,46.0,21,78,289.84
441,41.0,59.0,23,14,159.46
415,42.0,33.0,6,13,156.4
450,39.0,88.0,3,38,100.43
325,42.0,25.0,5,62,-9.04
416,33.0,52.0,9,4,187.95
505,38.0,74.0,7,89,36.61
996,41.0,38.0,4,80,325.01
384,29.0,48.0,7,51,113.77
238,23.0,80.0,5,15,1.31
422,22.0,89.0,11,98,-38.1
383,34.0,43.0,15,37,78.31
694,42.0,42.0,2,52,241.26
626,15.0,29.0,13,86,171.09
377,18.0,73.0,22,76,-1.94
627,28.0,60.0,16,96,100.13
493,39.0,68.0,7,92,40.52
350,16.0,36.0,8,52,31.09
583,30.0,75.0,6,45,180.43
837,17.0,64.0,24,97,201.31
507,40.0,49.0,7,97,9.32
535,22.0,63.0,18,90,88.42
945,20.0,74.0,22,14,445.43
574,30.0,38.0,22,58,152.18
207,38.0,48.0,20,49,-11.64
540,30.0,21.0,7,8,240.65
328,21.0,55.0,3,25,84.86
975,44.0,38.0,5,2,486.0
868,27.0,26.0,1,99,288.57
551,27.0,45.0,15,46,178.09
557,19.0,57.0,3,4,208.65
716,39.0,22.0,8,61,263.79
694,34.0,85.0,9,83,134.09
285,36.0,62.0,15,83,-75.8
374,32.0,81.0,10,4,131.08
392,29.0,43.0,2,9,150.51
510,32.0,58.0,20,79,109.6
318,16.0,87.0,5,62,-19.4
417,24.0,63.0,19,24,100.87
626,37.0,24.0,13,43,216.15
613,27.0,74.0,11,24,200.16
313,32.0,49.0,1,29,91.9
344,29.0,48.0,22,13,122.26
737,26.0,45.0,15,85,175.02
847,29.0,45.0,18,42,376.09
502,27.0,56.0,16,27,183.8
943,32.0,72.0,9,93,276.36
787,29.0,49.0,1,18,359.22
544,39.0,22.0,11,41,161.64
200,37.0,62.0,9,19,25.19
346,25.0,26.0,23,98,-40.88
486,33.0,68.0,11,85,56.71
853,17.0,60.0,13,78,262.33
252,21.0,73.0,2,10,48.18
503,35.0,88.0,14,53,91.61
268,40.0,46.0,6,97,-62.22
560,28.0,27.0,8,23,211.26
801,28.0,51.0,18,69,247.88
419,36.0,83.0,16,16,147.58
903,27.0,29.0,21,27,445.55
774,26.0,32.0,12,49,294.54
784,38.0,82.0,11,94,154.01
360,23.0,54.0,6,99,-65.18
880,15.0,80.0,3,54,265.31
288,33.0,73.0,14,72,-7.57
887,25.0,27.0,2,9,439.29
980,37.0,48.0,11,20,461.5
784,36.0,60.0,22,57,271.5
956,37.0,49.0,3,33,441.88
788,38.0,40.0,18,94,195.41
358,36.0,30.0,1,92,-25.28
688,33.0,21.0,24,42,290.62
523,32.0,69.0,1,10,174.15
809,26.0,60.0,12,32,357.96
580,37.0,85.0,15,57,163.36
301,42.0,22.0,5,45,48.47
693,42.0,70.0,6,60,172.0
843,42.0,87.0,16,61,274.71
813,41.0,44.0,12,0,394.93
218,15.0,49.0,12,20,25.54
653,33.0,30.0,3,61,213.92
681,42.0,36.0,23,63,192.18
793,41.0,45.0,2,86,221.9
596,34.0,42.0,7,72,116.13
478,43.0,75.0,2,55,33.39
564,44.0,71.0,21,0,243.89
530,31.0,67.0,7,20,217.57
840,19.0,39.0,11,21,365.33
543,40.0,21.0,11,53,152.46
654,17.0,50.0,14,3,311.05
800,16.0,46.0,3,64,257.99
924,17.0,21.0,14,50,364.48
854,22.0,23.0,11,73,301.81
264,30.0,32.0,4,62,-4.27
275,20.0,54.0,17,14,43.06
910,27.0,85.0,16,35,356.72
342,44.0,25.0,3,28,98.96
804,37.0,50.0,10,51,281.12
672,42.0,29.0,21,45,260.52
616,36.0,40.0,15,68,173.27
504,36.0,42.0,8,28,174.86
935,30.0,22.0,18,46,407.32
696,42.0,51.0,3,90,140.07
490,30.0,39.0,7,24,185.81
301,17.0,48.0,10,79,-50.2
466,42.0,71.0,20,15,119.7
821,27.0,65.0,9,99,198.5
976,28.0,53.0,14,88,322.37
202,22.0,80.0,23,40,6.73
284,26.0,89.0,14,64,-39.0
993,37.0,30.0,11,68,364.69
527,37.0,82.0,1,19,145.03
649,36.0,40.0,4,68,160.62
653,35.0,22.0,6,35,255.56
828,40.0,29.0,22,92,226.57
420,22.0,46.0,22,97,-14.15
353,35.0,31.0,5,57,41.3
864,39.0,26.0,3,47,344.98
211,23.0,36.0,2,81,-91.6
332,15.0,84.0,3,1,95.77
503,20.0,83.0,9,79,22.18
492,37.0,45.0,19,28,145.02
499,33.0,34.0,19,96,46.89
939,37.0,52.0,17,15,445.13
982,25.0,81.0,18,34,378.92
242,25.0,66.0,11,61,-59.19
542,37.0,54.0,12,80,83.58
525,44.0,84.0,3,3,195.34
697,27.0,44.0,18,67,225.61
563,25.0,76.0,24,50,161.65
626,32.0,51.0,6,88,129.54
220,37.0,82.0,7,32,7.19
606,29.0,31.0,1,77,145.92
818,15.0,82.0,6,23,337.1
535,35.0,20.0,18,74,111.99
316,39.0,70.0,13,24,64.92
323,21.0,89.0,22,27,54.53
598,37.0,27.0,19,6,288.02
992,41.0,87.0,7,35,373.5
914,27.0,24.0,19,9,428.45
250,26.0,58.0,9,35,27.44
982,32.0,42.0,3,94,310.64
523,38.0,87.0,23,82,40.39
988,33.0,71.0,12,17,479.0
340,29.0,23.0,20,5,138.48
669,22.0,66.0,24,91,138.36
986,33.0,40.0,18,6,479.95
533,24.0,75.0,8,11,200.4
572,21.0,85.0,9,40,134.08
763,32.0,78.0,13,62,215.96
693,30.0,26.0,8,97,174.61
738,34.0,68.0,22,24,324.58
868,41.0,35.0,10,80,284.67
950,20.0,36.0,17,52,383.82
355,41.0,53.0,7,32,126.63
490,23.0,52.0,17,86,58.71
847,35.0,45.0,23,72,261.18
343,27.0,85.0,18,5,73.38
305,39.0,82.0,24,61,-23.07
619,35.0,60.0,2,65,128.32
869,40.0,77.0,3,8,368.32
857,22.0,29.0,19,66,312.62
201,30.0,34.0,1,15,74.15
788,27.0,61.0,21,88,199.29
843,27.0,76.0,21,87,201.13
289,31.0,36.0,10,92,-57.98
544,37.0,79.0,21,54,114.16
549,34.0,28.0,14,39,199.1
658,19.0,55.0,13,25,230.65
462,36.0,55.0,9,37,112.16
550,35.0,67.0,6,34,195.37
307,42.0,70.0,6,86,-58.32
785,31.0,89.0,19,67,248.63
238,42.0,87.0,21,58,-106.11
358,23.0,41.0,10,13,111.98
782,16.0,25.0,23,46,321.12
511,39.0,45.0,3,70,106.1
440,40.0,22.0,18,71,78.55
644,32.0,71.0,21,41,205.75
497,23.0,79.0,19,50,89.35
235,20.0,82.0,5,18,16.29
283,25.0,84.0,11,65,-56.52
651,39.0,71.0,10,46,209.01
974,43.0,33.0,17,64,366.44
584,20.0,87.0,4,41,138.18
371,20.0,47.0,21,37,93.15
575,27.0,29.0,18,12,290.54
884,25.0,76.0,18,43,359.82
561,28.0,85.0,1,23,205.62
758,16.0,69.0,14,95,168.64
340,22.0,33.0,8,29,69.78
317,17.0,35.0,2,69,-20.68
476,37.0,73.0,19,37,117.63
925,35.0,62.0,15,96,273.0
419,17.0,61.0,2,22,110.04
225,15.0,41.0,4,73,-79.19
720,38.0,87.0,1,56,215.99
982,33.0,38.0,19,78,352.84
209,32.0,85.0,21,22,7.23
577,31.0,58.0,10,35,184.19
832,34.0,38.0,1,56,303.99
836,43.0,35.0,20,0,406.81
881,38.0,73.0,22,71,274.53
783,27.0,44.0,15,2,379.19
351,17.0,37.0,4,13,110.47
919,44.0,42.0,7,80,297.55
248,15.0,30.0,7,33,70.33
353,18.0,58.0,22,69,7.02
492,39.0,87.0,18,68,18.6
779,27.0,44.0,13,50,296.68
249,31.0,82.0,10,28,3.85
863,42.0,49.0,24,98,206.23
730,44.0,64.0,8,81,185.58
811,25.0,80.0,10,47,283.59
259,16.0,70.0,14,93,-66.62
366,39.0,28.0,14,78,9.81
401,30.0,21.0,20,78,43.23
345,16.0,24.0,22,15,147.69
875,43.0,81.0,11,56,289.29
638,33.0,88.0,6,96,63.76
441,37.0,71.0,21,9,141.73
780,33.0,24.0,1,18,363.63
886,39.0,78.0,19,66,295.25
760,30.0,87.0,7,35,303.84
682,36.0,28.0,24,3,355.54
307,33.0,41.0,18,74,-4.19
425,23.0,46.0,3,32,146.49
872,15.0,29.0,20,27,396.82
830,24.0,80.0,11,95,177.24
860,33.0,70.0,5,79,250.98
861,15.0,29.0,19,8,406.05
631,16.0,25.0,21,74,187.5
854,30.0,81.0,24,5,375.81
618,26.0,24.0,24,48,201.2
654,22.0,89.0,2,90,102.3
359,37.0,82.0,22,75,12.03
722,32.0,75.0,4,21,307.4
849,16.0,78.0,10,47,314.58
789,39.0,82.0,2,20,295.41
276,43.0,78.0,8,32,23.18
708,27.0,70.0,1,80,147.58
640,20.0,69.0,6,55,189.42
453,35.0,23.0,11,28,137.33
969,40.0,67.0,10,52,356.57
519,20.0,51.0,13,39,113.59
462,23.0,70.0,1,73,26.01
796,30.0,71.0,2,17,318.51
857,25.0,53.0,3,46,343.97
753,21.0,55.0,9,12,337.24
573,24.0,89.0,5,26,175.4
836,24.0,62.0,10,61,283.34
366,44.0,35.0,10,73,-6.12
952,39.0,78.0,12,95,266.84
658,34.0,72.0,18,44,209.95
479,32.0,38.0,21,2,272.27
899,42.0,60.0,21,21,422.72
501,38.0,66.0,1,26,179.96
730,34.0,73.0,3,54,236.15
779,43.0,74.0,5,66,230.06
417,23.0,38.0,17,32,151.37
301,29.0,81.0,8,1,103.31
753,18.0,78.0,17,74,196.34
487,22.0,84.0,9,45,89.52
366,23.0,87.0,6,73,-36.45
820,27.0,47.0,17,32,343.66
235,23.0,37.0,8,57,-75.04
943,40.0,45.0,21,6,458.07
940,18.0,38.0,7,14,439.36
552,31.0,74.0,7,25,210.78
875,30.0,76.0,15,10,424.94
272,29.0,25.0,7,37,105.83
847,17.0,20.0,22,26,393.84
552,39.0,27.0,8,6,262.24
269,34.0,70.0,9,0,75.83
624,19.0,44.0,15,73,127.82
907,37.0,66.0,2,20,415.93
980,19.0,74.0,7,78,310.05
760,34.0,83.0,15,29,297.3
841,29.0,29.0,18,93,252.52
716,32.0,75.0,22,7,318.29
627,29.0,31.0,18,87,149.23
738,16.0,52.0,10,82,191.94
359,43.0,36.0,22,2,167.86
348,27.0,80.0,18,54,-8.85
975,18.0,29.0,1,14,482.37
429,24.0,50.0,7,35,92.99
911,27.0,79.0,3,5,438.28
761,24.0,89.0,14,41,264.55
266,43.0,36.0,12,49,2.37
580,23.0,69.0,14,17,220.65
257,22.0,56.0,4,82,-74.31
458,17.0,81.0,13,49,95.32
541,30.0,48.0,16,29,221.2
329,28.0,51.0,16,76,3.46
926,23.0,30.0,22,38,373.97
371,44.0,25.0,5,11,156.77
969,35.0,54.0,20,97,241.79
813,25.0,52.0,6,58,240.94
408,17.0,37.0,6,75,51.68
553,19.0,56.0,18,43,131.21
670,43.0,32.0,6,87,149.72
997,24.0,83.0,7,3,496.84
315,27.0,20.0,24,35,95.33
463,18.0,82.0,24,47,88.05
861,38.0,53.0,16,13,394.46
641,27.0,29.0,9,80,168.27
747,26.0,26.0,13,48,276.75
652,19.0,75.0,12,66,143.81
676,24.0,56.0,19,86,149.53
486,42.0,48.0,23,76,67.15
502,38.0,31.0,23,8,222.54
510,23.0,36.0,1,20,158.57
407,34.0,67.0,8,71,54.75
817,21.0,45.0,4,80,261.3
645,16.0,31.0,21,15,279.07
869,36.0,40.0,22,15,428.12
832,38.0,61.0,19,27,338.03
254,42.0,80.0,21,50,-32.35
211,37.0,77.0,5,55,-102.41
856,21.0,73.0,17,79,248.73
599,22.0,53.0,3,56,159.82
847,21.0,26.0,19,51,336.61
714,35.0,54.0,1,45,287.7
855,37.0,34.0,23,77,280.29
741,43.0,84.0,1,37,241.6
436,28.0,44.0,23,83,27.27
478,40.0,78.0,20,47,66.18
547,33.0,25.0,9,40,205.33
826,19.0,71.0,23,97,200.99
303,37.0,40.0,5,58,11.56
829,39.0,51.0,7,92,238.75
716,32.0,72.0,6,66,220.39
447,34.0,78.0,17,73,34.05
563,26.0,88.0,22,83,80.16
520,37.0,81.0,17,65,126.25
832,31.0,23.0,13,26,369.56
485,27.0,37.0,12,31,187.01
348,16.0,75.0,4,55,6.34
283,39.0,43.0,8,9,113.36
605,27.0,85.0,5,39,167.28
655,40.0,32.0,5,16,294.66
942,21.0,81.0,13,57,314.91
999,42.0,73.0,11,96,249.31
360,24.0,34.0,8,5,181.69
983,37.0,88.0,8,38,377.16
659,20.0,22.0,1,17,282.0
749,17.0,56.0,13,72,196.01
699,40.0,56.0,5,71,222.14
937,17.0,22.0,21,88,332.36
708,32.0,82.0,8,94,129.04
853,25.0,54.0,17,41,355.18
680,36.0,71.0,23,3,282.49
862,34.0,47.0,23,19,404.17
313,19.0,37.0,13,27,66.74
948,33.0,55.0,9,39,404.52
777,36.0,52.0,2,64,223.07
560,41.0,83.0,19,43,130.5
540,42.0,45.0,20,22,206.24
969,33.0,67.0,17,56,367.18
960,44.0,59.0,7,46,342.74
648,29.0,36.0,3,12,282.96
379,44.0,59.0,19,15,122.92
901,30.0,26.0,19,89,302.87
606,38.0,76.0,24,54,168.01
865,23.0,27.0,9,94,261.55
395,18.0,75.0,10,64,-6.21
665,29.0,50.0,14,80,157.47
510,39.0,78.0,18,15,187.92
461,26.0,77.0,15,36,95.12
618,37.0,31.0,1,51,182.18
605,17.0,67.0,6,9,239.49
342,37.0,50.0,15,37,71.13
541,28.0,82.0,6,43,106.69
515,31.0,58.0,18,94,42.8
300,33.0,39.0,1,73,-5.43
443,20.0,67.0,24,53,86.36
689,18.0,73.0,3,97,92.07
211,21.0,48.0,17,50,-25.71
438,44.0,67.0,16,51,88.37
760,33.0,75.0,8,69,228.53
241,31.0,36.0,17,91,-87.69
877,39.0,28.0,8,91,219.45
793,30.0,53.0,17,58,281.94
628,29.0,64.0,9,12,300.57
357,36.0,28.0,12,40,103.23
415,22.0,26.0,19,11,190.94
869,33.0,35.0,4,49,351.72
661,22.0,38.0,21,56,229.49
333,32.0,25.0,22,49,68.81
266,42.0,30.0,11,56,-39.03
206,30.0,80.0,4,53,-38.87
725,34.0,61.0,14,65,197.93
272,33.0,32.0,14,7,107.74
598,24.0,31.0,6,62,187.68
604,31.0,39.0,17,8,268.82
874,27.0,69.0,2,59,284.19
777,27.0,55.0,8,62,265.29
329,21.0,88.0,4,71,-64.52
665,41.0,56.0,10,2,299.89
405,24.0,31.0,7,72,69.32
987,16.0,59.0,4,12,487.38
967,18.0,73.0,16,8,407.42
465,39.0,21.0,14,94,35.78
736,20.0,69.0,16,88,187.0
992,38.0,60.0,9,51,378.04
452,32.0,64.0,4,61,88.84
488,37.0,28.0,24,7,240.95
363,20.0,81.0,6,94,-77.37
294,43.0,66.0,1,44,13.87
981,44.0,24.0,7,52,409.34
309,39.0,20.0,1,62,37.35
535,37.0,63.0,19,94,14.95
437,31.0,41.0,8,80,72.21
580,28.0,57.0,3,56,172.74
635,38.0,38.0,1,53,180.64
682,25.0,50.0,1,18,290.54
224,40.0,86.0,7,66,-72.84
852,33.0,61.0,21,45,304.66
316,44.0,45.0,13,93,-83.49
681,16.0,32.0,1,9,314.52
591,42.0,77.0,16,92,56.33
736,17.0,37.0,22,17,330.62
278,25.0,86.0,22,11,72.56
779,20.0,22.0,14,48,308.29
372,43.0,74.0,4,22,85.59
211,28.0,77.0,23,61,-53.4
999,33.0,82.0,23,10,458.15
327,40.0,71.0,12,72,-47.86
807,30.0,43.0,12,55,322.56
291,35.0,28.0,17,87,-90.72
852,36.0,56.0,21,88,241.88
742,38.0,72.0,15,54,225.63
731,21.0,43.0,10,24,290.39
857,44.0,40.0,3,8,412.52
646,41.0,59.0,23,11,282.09
589,22.0,81.0,20,10,212.97
871,33.0,89.0,20,37,302.33
242,34.0,88.0,12,27,-22.22
453,30.0,33.0,1,7,245.01
329,36.0,61.0,1,73,17.42
259,41.0,69.0,10,88,-101.36
862,21.0,80.0,18,46,279.87
666,23.0,23.0,15,35,266.59
486,27.0,36.0,2,49,92.89
716,15.0,76.0,17,8,305.29
666,43.0,67.0,8,59,159.22
977,22.0,63.0,22,71,311.15
544,38.0,64.0,22,66,125.95
841,36.0,52.0,9,52,306.67
581,18.0,50.0,21,81,120.46
978,17.0,66.0,20,98,297.64
889,41.0,25.0,11,16,421.96
452,17.0,53.0,6,99,-7.5
255,36.0,72.0,24,52,-7.38
662,27.0,33.0,14,27,269.32
656,22.0,35.0,1,62,222.29
282,21.0,62.0,7,14,26.24
298,41.0,31.0,24,18,82.8
348,15.0,89.0,9,85,-64.06
528,41.0,38.0,11,69,84.7
355,30.0,60.0,24,46,62.64
389,20.0,72.0,23,70,7.79
693,21.0,48.0,16,47,223.31
462,26.0,89.0,19,72,18.69
279,37.0,78.0,2,19,27.21
599,23.0,83.0,15,36,151.32
963,41.0,43.0,3,74,366.25
808,25.0,35.0,4,1,404.19
459,24.0,71.0,20,63,35.39
971,35.0,25.0,22,85,335.6
814,15.0,56.0,7,35,319.7
751,32.0,23.0,12,4,367.89
984,18.0,57.0,4,63,347.91
300,19.0,60.0,10,6,117.88
558,23.0,33.0,6,69,110.74
579,41.0,70.0,22,21,195.62
420,31.0,84.0,14,73,-23.51
619,17.0,71.0,3,45,214.52
323,30.0,49.0,17,39,73.61
621,19.0,76.0,11,60,146.56
430,30.0,49.0,10,45,92.94
889,17.0,61.0,21,83,243.19
262,34.0,30.0,10,27,55.92
684,29.0,46.0,10,86,176.12
827,44.0,43.0,3,34,314.38
902,17.0,58.0,24,0,424.84
773,34.0,37.0,15,28,351.9
967,28.0,64.0,17,8,494.43
682,30.0,31.0,18,8,345.17
718,43.0,68.0,19,21,269.66
354,43.0,50.0,19,62,12.0
291,31.0,41.0,12,65,4.3
725,42.0,63.0,24,79,170.12
654,38.0,83.0,5,57,183.94
940,34.0,44.0,24,69,324.4
797,37.0,70.0,16,54,298.22
844,32.0,26.0,15,12,415.25
709,32.0,25.0,15,96,162.93
382,36.0,43.0,6,18,144.33
585,28.0,38.0,12,78,113.37
773,32.0,28.0,2,32,339.31
930,29.0,55.0,20,73,348.33
604,29.0,59.0,9,64,131.47
445,20.0,43.0,4,59,104.18
941,41.0,67.0,5,11,402.93
790,29.0,82.0,21,42,300.11
860,32.0,88.0,8,92,197.27
849,18.0,72.0,22,16,386.79
670,37.0,73.0,10,67,156.18
622,22.0,61.0,7,28,220.57
264,29.0,64.0,22,54,-33.97
212,17.0,33.0,14,6,14.36
412,44.0,48.0,5,43,62.55
441,29.0,25.0,16,76,35.66
692,27.0,26.0,15,4,307.36
412,23.0,56.0,5,59,61.28
892,16.0,72.0,3,5,436.7
537,38.0,37.0,23,97,98.1
372,22.0,57.0,10,6,114.15
871,43.0,78.0,5,45,308.85
363,44.0,20.0,23,56,78.15
664,34.0,87.0,15,53,158.57
696,31.0,63.0,18,91,173.27
899,27.0,66.0,8,45,372.45
594,15.0,54.0,21,9,208.58
902,16.0,79.0,2,3,362.98
507,44.0,71.0,22,66,65.25
967,29.0,27.0,8,24,479.81
382,26.0,60.0,23,86,-45.09
828,28.0,22.0,8,90,214.63
993,39.0,88.0,4,77,312.24
709,43.0,33.0,19,60,240.61
907,16.0,45.0,23,37,358.45
745,32.0,89.0,18,31,262.18
763,36.0,77.0,21,22,319.38
823,21.0,59.0,23,36,305.25
963,43.0,70.0,1,2,438.15
793,37.0,24.0,20,98,218.1
943,43.0,51.0,15,12,446.03
426,39.0,20.0,18,33,137.02
944,20.0,73.0,22,87,304.49
932,28.0,30.0,12,64,373.2
635,22.0,72.0,1,75,125.03
621,41.0,27.0,7,7,266.94
753,36.0,44.0,19,82,227.58
220,16.0,59.0,1,8,61.53
753,31.0,51.0,24,27,316.17
596,19.0,47.0,7,77,128.54
824,28.0,22.0,2,90,267.22
304,39.0,81.0,7,17,89.66
391,38.0,46.0,19,41,104.4
216,44.0,64.0,13,40,-20.3
319,43.0,44.0,24,69,5.24
592,34.0,80.0,5,32,215.82
624,35.0,63.0,23,88,116.21
328,43.0,65.0,19,76,-20.85
329,35.0,33.0,1,53,29.02
771,36.0,27.0,1,86,243.96
759,17.0,67.0,18,35,264.89
228,19.0,33.0,24,96,-126.37
296,30.0,84.0,1,84,-74.98
209,32.0,26.0,5,97,-129.09
441,40.0,68.0,9,55,54.22
431,31.0,74.0,12,99,-13.78
988,25.0,32.0,9,16,485.36
483,31.0,75.0,18,9,199.24
914,30.0,75.0,23,86,283.8
958,40.0,34.0,11,43,409.18
975,37.0,76.0,1,1,448.02
925,16.0,77.0,19,98,252.82
399,18.0,54.0,22,13,133.66
278,35.0,35.0,10,40,43.71
372,21.0,27.0,2,1,172.28
666,16.0,64.0,7,18,293.79
780,44.0,59.0,20,79,183.1
615,20.0,73.0,2,88,84.99
648,31.0,33.0,19,0,339.43
286,21.0,78.0,6,1,82.54
300,39.0,72.0,10,26,34.91
207,19.0,46.0,9,1,23.49
399,19.0,66.0,8,93,-38.29
704,34.0,25.0,11,50,269.65
286,30.0,74.0,9,9,90.97
242,33.0,63.0,20,18,39.74
584,23.0,37.0,20,79,128.76
820,19.0,35.0,9,12,362.93
634,22.0,31.0,8,47,228.09
607,23.0,39.0,15,55,184.44
682,19.0,64.0,2,71,172.0
863,24.0,83.0,24,55,286.66
216,39.0,78.0,1,49,-48.14
844,16.0,41.0,9,94,239.29
347,23.0,66.0,9,44,46.76
476,25.0,48.0,13,88,4.94
431,18.0,64.0,8,58,60.97
565,36.0,28.0,21,38,197.39
427,36.0,43.0,5,20,139.09
850,36.0,34.0,3,54,352.08
635,16.0,55.0,21,56,157.8
598,37.0,32.0,4,40,198.51
410,43.0,63.0,17,92,-69.33
590,20.0,55.0,16,69,159.31
698,41.0,80.0,16,81,162.52
739,28.0,59.0,20,48,254.21
762,15.0,46.0,3,43,290.56
690,32.0,20.0,6,34,248.59
641,21.0,53.0,1,90,128.86
460,15.0,87.0,21,4,140.26
972,15.0,40.0,16,70,378.08
549,15.0,52.0,15,73,103.7
551,38.0,26.0,7,73,129.27
719,18.0,84.0,2,50,197.44
519,18.0,22.0,10,56,125.16
337,43.0,70.0,15,57,11.6
749,32.0,73.0,6,91,152.55
822,41.0,78.0,2,35,289.11
567,25.0,25.0,24,9,295.99
419,41.0,48.0,24,49,86.6
536,15.0,36.0,17,98,30.08
422,42.0,79.0,1,98,-30.47
847,24.0,41.0,1,36,348.27
967,23.0,43.0,4,19,415.73
559,37.0,70.0,20,12,209.07
528,18.0,69.0,16,74,51.83
662,42.0,30.0,8,18,294.82
760,20.0,75.0,1,91,150.89
581,44.0,61.0,19,55,145.77
789,30.0,58.0,11,44,312.88
816,16.0,88.0,17,59,290.82
368,37.0,67.0,10,67,46.0
416,32.0,76.0,12,56,58.06
577,24.0,40.0,9,53,171.1
318,38.0,39.0,7,36,50.2
389,38.0,34.0,12,82,-19.71
966,31.0,88.0,15,36,341.97
569,27.0,70.0,8,13,210.5
977,38.0,81.0,17,94,307.7
348,32.0,56.0,5,91,-5.74
875,36.0,25.0,14,99,257.48
851,27.0,45.0,2,43,351.75
687,31.0,27.0,16,82,178.96
969,19.0,23.0,17,41,418.75
573,25.0,40.0,3,0,261.63
980,21.0,50.0,23,22,428.64
892,43.0,40.0,1,63,329.25
359,24.0,44.0,18,27,88.94
550,31.0,34.0,18,3,277.94
487,29.0,54.0,4,40,140.51
487,32.0,68.0,15,59,121.41
425,37.0,62.0,19,17,152.8
722,36.0,60.0,19,62,222.79
721,33.0,56.0,10,60,199.54
982,44.0,76.0,5,48,356.69
472,40.0,61.0,19,46,105.79
601,16.0,66.0,11,38,186.04
382,40.0,80.0,7,88,-28.64
864,18.0,33.0,5,81,276.52
687,17.0,87.0,20,5,261.99
323,21.0,72.0,12,82,-42.91
825,38.0,53.0,19,52,288.52
989,32.0,43.0,15,75,344.2
613,24.0,39.0,12,24,228.7
924,21.0,88.0,4,98,223.97
371,22.0,49.0,12,64,16.11
487,20.0,26.0,18,4,250.26
634,36.0,55.0,17,64,164.15
885,40.0,57.0,19,7,425.79
312,15.0,71.0,16,38,-15.25
321,18.0,34.0,11,42,65.84
743,28.0,65.0,2,81,205.08
421,31.0,42.0,16,72,23.64
830,34.0,31.0,1,4,401.46
238,32.0,63.0,17,3,58.84
696,25.0,34.0,18,92,161.55
979,43.0,68.0,13,0,454.35
432,35.0,40.0,5,93,8.7
729,40.0,34.0,24,55,264.82
348,28.0,33.0,6,44,63.44
596,23.0,61.0,1,64,148.54
860,41.0,34.0,10,2,432.11
837,29.0,82.0,5,21,292.4
501,26.0,87.0,1,71,42.99
559,24.0,46.0,23,55,173.16
437,33.0,72.0,11,17,127.26
846,38.0,71.0,24,24,329.48
862,33.0,82.0,24,47,331.62
435,20.0,72.0,7,83,6.72
935,34.0,76.0,18,30,417.8
402,38.0,71.0,21,29,87.4
455,41.0,62.0,20,79,53.49
797,20.0,26.0,21,65,257.77
861,22.0,61.0,10,80,203.78
434,15.0,23.0,15,9,197.77
544,36.0,88.0,4,70,93.06
733,31.0,24.0,16,58,280.21
996,31.0,60.0,15,50,394.47
980,38.0,23.0,15,8,524.34
665,29.0,21.0,12,53,259.06
969,21.0,86.0,8,61,347.85
740,33.0,40.0,8,80,213.83
412,36.0,89.0,18,8,105.26
662,39.0,62.0,6,8,289.05
635,37.0,88.0,5,23,231.64
482,42.0,28.0,2,38,192.96
761,17.0,47.0,12,74,222.67
806,44.0,45.0,4,7,355.58
662,44.0,22.0,23,24,291.05
606,43.0,68.0,13,65,158.45
287,36.0,36.0,17,9,138.02
243,25.0,82.0,16,23,13.91
660,34.0,74.0,9,79,137.01
477,44.0,42.0,1,82,19.72
882,43.0,53.0,15,58,299.03
620,33.0,88.0,12,30,215.66
900,23.0,34.0,5,10,408.92
552,24.0,66.0,23,5,274.55
895,16.0,22.0,24,69,312.72
714,15.0,47.0,18,31,277.51
902,44.0,22.0,20,38,392.54
829,30.0,23.0,2,47,366.13
218,32.0,50.0,4,12,58.83
222,37.0,64.0,15,58,-74.86
612,40.0,78.0,6,66,138.64
229,31.0,64.0,22,55,-13.91
307,20.0,56.0,12,40,14.16
566,28.0,84.0,18,55,147.7
480,37.0,28.0,20,34,170.28
327,39.0,36.0,4,37,68.15
428,29.0,84.0,1,80,-5.8
310,28.0,22.0,15,66,14.06
335,38.0,45.0,18,33,81.42
561,36.0,72.0,14,75,85.27
385,17.0,50.0,3,87,-37.44
855,38.0,45.0,15,69,266.25
783,37.0,42.0,5,10,374.27
328,33.0,49.0,24,26,95.39
460,39.0,29.0,22,47,123.65
714,26.0,83.0,3,23,311.8
648,16.0,41.0,22,17,238.79
303,17.0,34.0,7,26,79.44
682,32.0,75.0,6,53,169.89
423,43.0,39.0,22,54,75.77
690,15.0,66.0,1,20,273.7
672,34.0,72.0,19,58,187.67
209,35.0,72.0,7,33,-53.69
604,43.0,20.0,4,96,106.7
501,20.0,21.0,12,57,132.81
430,19.0,77.0,20,47,85.65
930,15.0,38.0,23,53,328.56
265,33.0,81.0,18,17,72.17
311,15.0,31.0,9,2,73.89
212,41.0,45.0,19,23,-4.52
592,35.0,46.0,22,0,286.32
699,35.0,48.0,4,5,336.26
797,30.0,34.0,1,18,405.39
433,26.0,65.0,9,85,15.22
801,41.0,20.0,15,42,325.32
513,43.0,79.0,22,7,198.24
765,36.0,76.0,8,68,169.92
211,22.0,22.0,15,51,-33.3
408,40.0,37.0,15,72,15.29
213,30.0,71.0,18,46,-12.61
832,42.0,79.0,7,84,238.0
617,15.0,53.0,22,27,262.25
636,18.0,79.0,18,45,193.59
576,24.0,45.0,16,3,285.44
219,25.0,38.0,2,87,-88.07
786,31.0,41.0,4,7,374.31
954,39.0,52.0,20,60,330.71
934,41.0,57.0,16,16,399.52
269,37.0,54.0,3,33,2.93
410,21.0,86.0,24,19,122.52
300,26.0,29.0,23,79,-29.2
897,35.0,34.0,2,73,299.68
331,21.0,30.0,3,33,40.71
822,26.0,43.0,5,42,310.64
580,29.0,23.0,2,9,275.66
331,16.0,32.0,19,93,-77.08
219,28.0,76.0,24,29,52.45
735,27.0,56.0,20,24,281.04
426,18.0,67.0,2,56,77.35
353,28.0,20.0,2,62,49.34
941,28.0,79.0,22,70,300.62
668,30.0,31.0,24,46,245.61
604,21.0,40.0,23,83,123.68
401,33.0,30.0,20,80,37.48
237,16.0,63.0,18,2,39.51
971,24.0,77.0,20,45,386.44
387,32.0,63.0,21,35,84.46
256,43.0,53.0,14,25,6.17
219,31.0,44.0,15,9,57.49
472,19.0,23.0,12,33,190.39
318,26.0,83.0,11,77,-45.91
782,20.0,35.0,11,7,376.19
715,36.0,29.0,7,54,246.9
420,23.0,85.0,12,90,-31.78
725,34.0,54.0,16,9,337.15
714,15.0,25.0,5,56,237.39
927,36.0,38.0,2,78,325.33
940,29.0,78.0,22,85,289.87
535,35.0,72.0,16,44,118.79
897,40.0,27.0,23,49,372.31
254,20.0,29.0,15,63,-40.59
699,33.0,86.0,11,94,104.14
965,32.0,57.0,6,1,480.24
735,20.0,48.0,13,44,271.01
361,27.0,34.0,19,94,-7.95
869,15.0,42.0,10,61,261.22
793,37.0,65.0,24,13,365.53
358,37.0,47.0,19,73,13.15
387,40.0,45.0,5,93,-35.67
259,27.0,29.0,21,99,-87.08
518,21.0,66.0,7,14,197.26
410,29.0,23.0,11,13,110.1
605,26.0,74.0,14,30,183.73
863,41.0,85.0,23,28,360.68
308,40.0,86.0,21,26,24.55
275,15.0,26.0,16,84,-57.27
741,29.0,74.0,18,8,328.82
513,18.0,50.0,21,19,204.04
316,27.0,38.0,23,98,-64.33
903,37.0,47.0,23,57,330.21
218,41.0,47.0,4,78,-83.09
631,39.0,38.0,1,87,148.78
884,19.0,39.0,22,48,369.06
939,43.0,32.0,15,56,356.87
549,16.0,62.0,14,15,195.73
382,37.0,30.0,19,99,-23.23
312,40.0,67.0,5,74,-15.3
382,15.0,34.0,4,7,166.47
680,30.0,36.0,13,66,203.6
345,37.0,73.0,18,18,54.67
827,20.0,69.0,12,66,277.79
312,37.0,47.0,23,35,79.99
962,30.0,23.0,21,88,312.48
675,28.0,41.0,15,59,209.15
962,43.0,58.0,23,35,414.63
502,40.0,53.0,9,10,209.42
317,17.0,63.0,4,50,-31.54
360,29.0,61.0,5,79,-32.56
600,17.0,59.0,9,54,170.83
397,37.0,31.0,13,53,84.13
459,43.0,21.0,10,16,201.37
859,16.0,47.0,16,61,311.66
951,15.0,86.0,13,41,359.08
246,23.0,29.0,4,23,66.11
598,23.0,76.0,21,16,216.31
909,37.0,56.0,13,47,355.03
758,21.0,83.0,21,83,179.97
277,17.0,59.0,8,85,-46.33
323,40.0,79.0,13,69,-52.04
274,32.0,67.0,15,6,97.18
336,25.0,38.0,20,13,120.09
801,21.0,52.0,20,10,383.04
599,23.0,63.0,13,11,246.24
704,15.0,56.0,23,4,339.95
699,43.0,55.0,5,4,302.0
772,28.0,40.0,22,19,355.04
337,34.0,21.0,22,53,66.54
249,20.0,50.0,6,54,-36.68
970,21.0,49.0,5,57,375.59
818,24.0,63.0,13,78,256.44
824,21.0,31.0,5,89,238.26
453,40.0,70.0,13,96,4.16
829,16.0,68.0,24,29,313.26
909,44.0,43.0,20,23,380.82
762,18.0,43.0,23,86,212.21
956,35.0,79.0,8,72,301.42
625,44.0,30.0,9,2,265.42
746,42.0,32.0,21,99,157.1
501,31.0,83.0,19,47,140.9
780,15.0,39.0,20,70,261.01
548,24.0,47.0,15,21,192.19
248,33.0,21.0,22,13,60.77
273,29.0,62.0,10,47,-2.83
903,24.0,27.0,11,28,432.66
460,33.0,32.0,5,49,121.89
555,26.0,54.0,9,79,95.5
781,38.0,42.0,11,97,180.07
801,30.0,65.0,19,9,365.12
459,23.0,34.0,2,70,93.8
837,29.0,21.0,6,88,268.06
942,44.0,80.0,23,26,381.26
494,41.0,83.0,21,78,49.11
840,42.0,71.0,1,95,202.23
991,31.0,55.0,3,27,464.85
512,28.0,86.0,3,8,180.8
811,41.0,88.0,14,70,227.89
381,32.0,86.0,20,79,-1.9
885,40.0,66.0,22,25,403.02
563,16.0,21.0,5,98,58.18
387,18.0,63.0,17,80,-15.42
768,32.0,83.0,15,86,155.28
742,21.0,47.0,6,7,326.3
795,27.0,73.0,14,1,373.62
863,29.0,86.0,14,94,176.11
747,39.0,55.0,17,56,252.44
924,37.0,82.0,8,51,343.34
607,42.0,44.0,8,57,168.72
817,36.0,67.0,19,95,181.74
613,40.0,58.0,9,92,89.87
541,15.0,66.0,11,2,265.08
419,25.0,40.0,13,7,168.04
362,24.0,49.0,13,58,20.94
419,39.0,50.0,24,1,131.41
469,19.0,45.0,19,94,41.63
831,30.0,41.0,21,61,277.45
599,25.0,40.0,19,48,197.21
381,35.0,20.0,5,19,191.68
817,20.0,56.0,16,28,343.94
928,23.0,65.0,9,16,425.16
404,27.0,28.0,20,73,43.68
781,38.0,36.0,22,21,355.43
755,22.0,66.0,3,5,344.36
427,28.0,78.0,19,61,58.86
895,38.0,73.0,5,97,181.92
818,15.0,31.0,8,30,354.69
795,31.0,83.0,14,61,256.32
449,38.0,25.0,24,11,246.3
640,19.0,72.0,3,11,259.11
732,39.0,35.0,24,62,244.23
395,16.0,24.0,13,15,159.18
889,39.0,65.0,11,24,386.64
718,42.0,33.0,8,21,287.43
269,44.0,63.0,19,90,-82.88
838,38.0,82.0,10,87,193.35
598,23.0,71.0,18,75,121.83
871,18.0,45.0,18,17,377.47
959,31.0,72.0,7,44,376.2
402,31.0,48.0,16,79,14.09
347,35.0,38.0,6,67,15.47
671,32.0,66.0,16,11,290.19
854,30.0,27.0,16,48,359.55
398,44.0,42.0,23,32,102.58
625,22.0,54.0,24,85,138.44
865,40.0,72.0,1,62,271.48
691,25.0,77.0,24,17,287.04
341,35.0,24.0,19,53,39.7
512,35.0,35.0,3,96,91.25
364,32.0,36.0,6,26,125.68
513,37.0,51.0,4,82,55.01
220,43.0,71.0,4,77,-70.71
281,38.0,39.0,4,24,76.12
780,24.0,85.0,10,33,273.93
330,27.0,20.0,9,87,-14.72
798,31.0,77.0,8,59,235.34
929,32.0,63.0,19,53,329.38
504,24.0,25.0,17,86,102.17
570,30.0,69.0,17,4,232.33
583,34.0,39.0,1,35,187.9
644,19.0,33.0,20,53,221.31
624,27.0,24.0,14,87,179.59
360,32.0,60.0,22,35,100.75
377,31.0,59.0,20,68,68.77
828,23.0,53.0,11,38,377.03
907,28.0,64.0,3,69,289.24
689,31.0,46.0,24,99,136.72
526,43.0,63.0,8,3,185.89
797,18.0,52.0,22,73,213.09
488,32.0,52.0,10,64,117.85
792,41.0,63.0,17,84,209.54
863,34.0,39.0,8,39,389.78
772,38.0,55.0,22,36,281.69
772,38.0,26.0,1,66,251.23
553,29.0,51.0,20,30,214.02
227,25.0,86.0,21,90,-108.82
242,26.0,58.0,7,80,-110.8
880,23.0,43.0,24,86,264.39
622,27.0,89.0,9,76,123.29
797,29.0,73.0,12,46,302.41
376,41.0,57.0,22,26,115.61
728,29.0,51.0,9,50,256.91
809,42.0,64.0,20,19,316.64
693,19.0,80.0,24,12,241.44
397,37.0,89.0,3,62,11.1
809,33.0,72.0,4,43,291.97
776,40.0,70.0,10,23,296.88
716,34.0,75.0,4,2,342.86
713,40.0,46.0,22,9,302.4
221,39.0,57.0,9,64,-76.09
311,40.0,81.0,22,48,21.59
256,40.0,37.0,1,57,-30.3
265,28.0,83.0,5,76,-68.59
297,42.0,49.0,9,77,-44.44
343,31.0,68.0,5,96,-54.09
634,32.0,60.0,6,1,313.93
836,35.0,32.0,19,65,304.71
878,17.0,53.0,8,30,337.17
285,16.0,44.0,10,67,-53.6
787,15.0,85.0,11,97,158.75
543,24.0,37.0,13,82,79.46
493,33.0,24.0,20,36,195.46
770,31.0,38.0,4,72,254.08
849,26.0,61.0,11,23,333.03
810,15.0,37.0,12,76,283.68
903,26.0,51.0,5,43,357.73
442,31.0,40.0,10,93,19.71
760,38.0,29.0,24,82,229.65
231,17.0,56.0,7,40,-15.08
590,25.0,68.0,21,73,137.33
476,31.0,32.0,9,50,114.64
731,37.0,74.0,9,41,275.39
353,40.0,36.0,10,77,12.97
582,17.0,28.0,10,39,188.61
267,22.0,63.0,2,47,-2.12
413,34.0,65.0,4,83,28.59
854,18.0,27.0,8,3,438.13
575,35.0,56.0,14,59,150.4
943,36.0,38.0,17,38,417.5
412,21.0,82.0,13,4,156.33
278,28.0,65.0,21,95,-101.62
925,28.0,45.0,24,5,463.49
827,18.0,65.0,18,13,379.42
803,30.0,65.0,18,69,254.31
981,38.0,33.0,13,77,335.2
580,43.0,82.0,8,11,221.4
879,36.0,22.0,12,61,328.84
257,44.0,47.0,23,26,46.59
995,15.0,48.0,24,53,413.39
225,31.0,37.0,21,89,-71.51
646,39.0,54.0,1,11,262.83
265,24.0,66.0,20,7,77.78
959,36.0,24.0,18,73,303.46
453,30.0,78.0,3,15,154.76
243,30.0,78.0,12,51,-11.95
296,40.0,66.0,19,25,56.04
753,22.0,32.0,13,7,367.15
426,43.0,52.0,10,44,131.7
973,21.0,81.0,15,92,241.45
878,42.0,35.0,20,83,244.88
635,20.0,63.0,2,80,136.49
990,30.0,77.0,19,18,464.86
800,34.0,25.0,3,16,401.98
578,30.0,34.0,14,64,151.24
377,21.0,23.0,7,28,105.27
626,23.0,75.0,8,13,230.07
908,28.0,83.0,11,16,405.05
506,25.0,87.0,22,12,159.04
978,40.0,53.0,20,92,321.79
703,40.0,75.0,6,97,120.21
467,28.0,51.0,11,90,19.58
785,21.0,28.0,17,62,260.56
207,15.0,82.0,10,32,-64.39
707,40.0,52.0,24,28,263.37
675,39.0,40.0,17,36,245.39
496,27.0,74.0,21,82,54.16
363,34.0,76.0,2,45,42.07
684,17.0,21.0,6,23,280.61
796,34.0,32.0,5,13,356.9
271,18.0,23.0,4,4,103.51
766,43.0,69.0,2,52,205.44
758,40.0,67.0,12,87,170.94
437,25.0,49.0,3,97,23.46
303,16.0,48.0,6,94,-80.56
409,28.0,27.0,24,29,146.14
753,26.0,31.0,14,59,267.31
667,44.0,60.0,8,72,130.35
653,31.0,45.0,21,90,177.1
467,26.0,69.0,21,27,134.7
585,40.0,21.0,14,25,242.88
974,26.0,74.0,3,17,424.59
586,15.0,75.0,16,35,197.06
458,27.0,33.0,15,7,178.73
482,28.0,25.0,7,17,234.75
825,38.0,80.0,15,83,208.06
239,44.0,31.0,13,57,-34.82
685,16.0,32.0,6,31,259.79
419,26.0,38.0,15,92,47.42
328,40.0,63.0,17,48,-10.1
719,35.0,78.0,4,47,222.35
812,42.0,56.0,22,81,199.58
887,30.0,44.0,22,70,276.4
818,18.0,35.0,14,64,305.61
812,22.0,57.0,15,91,208.86
459,16.0,62.0,12,32,98.83
565,24.0,33.0,19,49,195.73
957,23.0,25.0,22,3,483.94
986,37.0,42.0,10,83,321.37
743,29.0,79.0,6,35,285.76
848,27.0,31.0,9,94,241.56
723,37.0,32.0,2,27,290.39
215,31.0,25.0,4,2,106.96
328,44.0,82.0,9,5,85.17
774,30.0,57.0,15,44,307.03
308,42.0,69.0,13,22,47.74
732,16.0,71.0,20,6,337.38
869,34.0,59.0,8,60,306.23
468,34.0,27.0,19,99,54.19
361,41.0,80.0,19,64,13.88
459,28.0,27.0,16,5,243.18
301,17.0,53.0,11,23,62.92
705,37.0,79.0,10,36,251.8
934,26.0,76.0,8,44,355.49
770,22.0,65.0,1,50,243.95
446,16.0,41.0,10,99,37.77
839,18.0,59.0,18,87,210.81
994,28.0,64.0,3,44,423.2
736,30.0,74.0,11,62,236.12
330,33.0,70.0,18,28,69.52
552,16.0,24.0,3,95,74.5
395,26.0,32.0,8,24,135.95
992,43.0,47.0,14,9,461.26
865,28.0,81.0,6,34,342.44
581,20.0,43.0,15,54,141.52
844,27.0,26.0,14,24,406.75
426,18.0,57.0,7,90,-10.27
900,36.0,56.0,10,44,335.76
675,32.0,87.0,15,95,83.72
676,26.0,61.0,10,11,293.56
464,34.0,24.0,22,3,223.26
571,41.0,83.0,17,89,46.09
685,36.0,69.0,19,66,192.4
633,44.0,34.0,17,16,279.12
845,35.0,72.0,12,72,258.29
410,33.0,44.0,15,92,-15.82
771,22.0,28.0,12,64,249.25
576,21.0,57.0,9,81,70.47
594,30.0,41.0,5,52,186.07
649,33.0,68.0,4,83,144.16
563,20.0,87.0,12,56,91.83
656,34.0,34.0,16,97,123.58
924,41.0,84.0,9,27,372.74
927,35.0,73.0,3,98,260.63
425,25.0,49.0,21,15,129.01
330,19.0,39.0,3,20,141.5
787,30.0,52.0,18,76,254.3
675,21.0,26.0,17,98,131.67
997,41.0,27.0,10,41,410.14
476,19.0,47.0,2,53,110.67
355,25.0,64.0,24,31,85.49
959,29.0,30.0,11,37,408.44
417,17.0,50.0,24,69,13.47
389,40.0,31.0,3,37,85.28
616,19.0,70.0,23,53,164.89
874,37.0,63.0,23,59,305.44
891,35.0,69.0,2,76,320.14
745,19.0,36.0,9,76,172.45
240,23.0,54.0,19,46,-25.03
506,29.0,20.0,2,11,228.52
537,17.0,48.0,19,52,147.08
513,43.0,70.0,2,32,157.08
274,20.0,83.0,15,27,14.31
478,31.0,23.0,24,2,269.52
375,40.0,47.0,21,81,-27.67
861,35.0,35.0,3,25,375.63
472,22.0,82.0,5,53,52.09
819,35.0,72.0,11,39,305.92
850,39.0,36.0,24,65,291.27
982,25.0,59.0,7,67,368.62
488,20.0,32.0,6,91,85.87
923,22.0,71.0,14,91,289.06
471,24.0,77.0,1,88,-10.21
265,38.0,56.0,17,89,-85.58
682,43.0,80.0,17,46,218.99
447,17.0,53.0,14,1,199.22
355,37.0,89.0,10,41,79.94
246,28.0,36.0,8,33,33.7
653,37.0,39.0,8,93,135.11
400,28.0,78.0,14,20,160.02
859,24.0,88.0,7,43,317.25
323,26.0,52.0,6,86,-52.69
200,20.0,36.0,4,96,-142.3
958,26.0,76.0,1,1,463.48
839,37.0,20.0,15,90,278.38
390,28.0,32.0,15,58,91.58
778,16.0,46.0,1,85,186.86
715,23.0,89.0,20,97,121.72
641,24.0,78.0,3,15,243.93
342,40.0,25.0,23,19,115.14
390,31.0,42.0,5,25,147.81
732,31.0,29.0,5,15,347.2
426,17.0,70.0,4,69,37.75
512,44.0,38.0,17,22,204.05
828,33.0,70.0,21,41,301.58
501,15.0,87.0,20,36,140.53
853,26.0,61.0,14,71,251.65
659,21.0,76.0,8,5,255.58
600,18.0,87.0,2,36,164.45
750,24.0,57.0,8,21,298.2
592,27.0,81.0,1,5,259.31
963,16.0,26.0,4,31,481.32
406,24.0,69.0,19,16,151.46
409,35.0,71.0,5,37,71.81
314,36.0,45.0,5,16,77.54
936,39.0,45.0,21,36,415.55
845,18.0,38.0,20,22,352.28
450,32.0,28.0,24,48,107.0
418,19.0,80.0,19,60,40.08
606,33.0,39.0,12,48,191.66
642,16.0,69.0,20,60,163.49
802,26.0,41.0,1,76,244.89
553,31.0,32.0,7,31,214.79
757,24.0,31.0,17,85,231.84
749,16.0,29.0,2,62,260.38
341,20.0,84.0,11,6,114.69
811,22.0,49.0,7,21,368.04
700,43.0,27.0,17,84,193.97
901,33.0,40.0,3,5,449.91
746,25.0,41.0,22,60,222.41
858,39.0,37.0,6,13,403.35
741,26.0,85.0,22,15,311.07
706,23.0,67.0,11,2,323.78
795,16.0,63.0,18,8,362.45
480,22.0,28.0,18,46,181.22
623,40.0,86.0,22,84,83.82
469,25.0,73.0,10,93,-0.55
353,42.0,45.0,5,93,-18.08
813,35.0,45.0,23,41,325.64
926,18.0,53.0,23,41,379.59
861,24.0,27.0,21,95,242.91
282,35.0,29.0,24,22,67.25
821,34.0,67.0,22,2,365.01
625,30.0,74.0,15,0,288.0
474,22.0,73.0,21,66,41.13
912,18.0,59.0,20,70,277.97
483,43.0,34.0,23,2,232.07
372,24.0,37.0,4,99,-42.89
526,26.0,42.0,21,48,130.9
917,43.0,81.0,21,66,265.88
262,28.0,65.0,1,54,-0.07
272,30.0,58.0,15,3,95.07
962,36.0,34.0,17,30,426.71
835,32.0,72.0,19,65,272.68
574,35.0,83.0,14,77,90.83
832,36.0,82.0,19,63,248.21
707,35.0,35.0,18,30,288.18
986,26.0,89.0,2,62,356.91
597,32.0,85.0,6,65,144.45
319,44.0,32.0,13,30,56.29
636,21.0,66.0,17,46,219.79
875,34.0,28.0,6,21,452.23
664,38.0,82.0,21,73,138.17
485,37.0,53.0,22,93,23.64
464,21.0,48.0,5,96,-3.96
519,23.0,56.0,7,82,54.88
872,15.0,62.0,1,45,328.47
575,40.0,83.0,13,88,108.19
288,20.0,43.0,19,57,12.57
853,20.0,53.0,22,60,288.11
402,36.0,67.0,1,45,61.81
938,43.0,31.0,13,0,462.22
533,26.0,42.0,11,95,85.95
421,36.0,32.0,7,24,145.89
240,26.0,64.0,20,60,-34.91
907,24.0,84.0,3,80,259.72
267,37.0,66.0,1,13,102.01
975,44.0,77.0,8,44,359.17
713,40.0,24.0,17,76,194.88
836,20.0,24.0,13,38,342.97
821,31.0,79.0,14,65,265.63
797,33.0,40.0,5,31,369.44
831,32.0,43.0,24,95,238.77
326,20.0,37.0,22,57,37.83
454,38.0,40.0,23,55,109.45
894,33.0,73.0,24,5,386.4
215,24.0,29.0,6,88,-88.47
676,38.0,43.0,22,66,189.46
261,22.0,79.0,6,81,-94.07
631,35.0,76.0,21,49,165.79
869,38.0,42.0,8,37,378.12
467,20.0,41.0,13,2,209.02
234,35.0,87.0,18,4,45.95
978,39.0,53.0,23,23,435.76
775,44.0,89.0,4,53,219.66
693,21.0,47.0,17,33,231.11
761,38.0,58.0,5,38,291.98
668,15.0,61.0,3,87,128.87
966,41.0,42.0,4,99,297.18
860,32.0,89.0,23,91,218.85
524,38.0,21.0,5,47,146.21
503,42.0,43.0,14,48,115.95
475,39.0,36.0,15,33,182.44
883,34.0,84.0,20,79,262.03
400,26.0,89.0,17,99,-37.94
644,30.0,88.0,6,6,290.18
523,24.0,79.0,10,17,163.58
234,41.0,69.0,22,69,-84.51
681,24.0,31.0,23,91,174.17
927,28.0,66.0,16,33,372.34
679,39.0,86.0,17,50,185.69
264,34.0,84.0,14,92,-121.19
207,24.0,46.0,20,67,-78.91
500,24.0,67.0,12,13,185.6
542,40.0,81.0,9,68,75.58
630,39.0,63.0,15,88,101.33
623,25.0,38.0,12,7,297.62
531,37.0,78.0,14,14,213.21
637,16.0,27.0,22,82,163.24
787,39.0,74.0,18,58,250.38
373,34.0,66.0,20,10,160.34
758,22.0,21.0,6,19,365.68
726,44.0,58.0,4,54,244.19
858,37.0,64.0,23,35,339.04
225,43.0,51.0,12,81,-102.38
804,21.0,84.0,13,13,345.72
605,22.0,57.0,19,57,181.67
431,15.0,30.0,22,37,124.54
732,35.0,29.0,13,88,184.74
749,16.0,78.0,12,79,149.08
987,32.0,74.0,20,81,287.62
704,29.0,39.0,3,0,355.65
868,15.0,36.0,3,64,318.92
378,19.0,87.0,14,0,79.04
331,16.0,24.0,18,84,-34.1
654,34.0,79.0,19,59,158.29
547,17.0,42.0,10,24,211.24
739,33.0,65.0,17,90,157.51
971,32.0,71.0,15,9,432.24
605,43.0,29.0,19,49,183.77
275,36.0,65.0,9,11,54.74
778,32.0,47.0,4,91,206.16
691,28.0,62.0,15,31,261.75
393,44.0,45.0,19,32,108.2
361,38.0,74.0,16,71,-12.38
546,22.0,67.0,8,25,207.4
560,43.0,48.0,17,41,163.04
968,44.0,46.0,21,49,393.2
783,26.0,37.0,1,60,282.61
286,35.0,79.0,7,40,2.19
461,24.0,88.0,21,56,77.71
413,37.0,40.0,18,1,168.71
864,34.0,43.0,12,98,264.8
921,31.0,22.0,16,97,278.22
772,25.0,81.0,1,69,188.99
979,16.0,21.0,15,30,416.48
461,40.0,85.0,7,22,131.37
929,40.0,61.0,17,75,288.87
482,18.0,53.0,3,53,105.92
847,15.0,61.0,11,27,323.0
666,29.0,39.0,6,78,187.64
579,27.0,87.0,6,18,212.93
561,22.0,64.0,15,75,88.6
648,39.0,61.0,7,47,215.3
640,18.0,66.0,11,1,294.3
292,24.0,24.0,17,10,116.04
820,33.0,68.0,23,43,324.75
952,32.0,56.0,18,58,382.61
623,19.0,53.0,22,58,155.28
341,44.0,89.0,24,37,48.2
490,33.0,37.0,21,24,170.32
631,40.0,38.0,19,20,280.08
948,37.0,59.0,8,41,402.74
888,41.0,36.0,24,35,372.91
852,36.0,79.0,20,8,381.13
900,30.0,61.0,8,11,418.22
248,15.0,84.0,21,9,16.71
501,26.0,72.0,11,58,84.39
389,38.0,26.0,21,4,185.48
335,16.0,24.0,3,32,101.36
754,35.0,43.0,23,68,238.01
603,39.0,47.0,14,79,105.05
801,22.0,81.0,9,62,219.23
540,32.0,36.0,1,28,207.68
956,39.0,39.0,1,17,439.25
903,30.0,22.0,12,92,318.77
517,19.0,56.0,11,5,202.3
817,40.0,34.0,21,52,318.1
562,44.0,70.0,1,81,61.89
581,36.0,67.0,20,31,191.08
432,27.0,27.0,12,41,133.84
976,33.0,32.0,17,46,425.99
543,43.0,67.0,15,30,177.9
748,17.0,22.0,2,61,245.0
752,40.0,84.0,18,55,226.41
728,22.0,50.0,16,10,323.3
988,41.0,45.0,4,25,415.57
770,40.0,75.0,8,91,174.08
382,40.0,53.0,2,26,128.95
240,26.0,28.0,14,82,-28.32
750,16.0,81.0,15,56,225.25
596,25.0,32.0,9,26,249.24
903,26.0,88.0,2,58,253.06
978,42.0,60.0,17,61,408.05
693,32.0,20.0,10,19,353.37
858,27.0,66.0,9,2,426.68
532,19.0,23.0,2,15,232.44
326,36.0,82.0,24,43,-24.12
757,26.0,71.0,19,92,174.4
756,16.0,29.0,17,78,220.44
200,19.0,47.0,11,29,-26.99
367,21.0,25.0,17,39,102.01
819,40.0,46.0,10,64,298.38
218,40.0,31.0,18,28,33.91
531,38.0,81.0,23,29,166.4
783,26.0,71.0,6,31,315.08
655,30.0,67.0,16,9,282.19
308,37.0,86.0,18,90,-72.63
467,22.0,65.0,20,50,125.73
644,44.0,34.0,18,7,297.03
439,42.0,55.0,1,50,67.94
500,23.0,33.0,3,35,142.49
801,29.0,22.0,15,54,323.77
302,19.0,86.0,20,34,28.38
449,27.0,38.0,10,35,150.23
652,19.0,73.0,21,55,172.29
719,25.0,88.0,5,35,254.59
352,24.0,29.0,15,88,-23.51
373,34.0,52.0,23,83,-21.47
542,27.0,32.0,14,60,128.97
869,23.0,70.0,15,61,271.83
630,35.0,51.0,10,80,150.31
926,28.0,43.0,24,86,295.11
888,32.0,54.0,9,24,381.17
886,29.0,89.0,12,63,261.66
857,24.0,59.0,7,59,312.37
523,38.0,73.0,5,56,129.04
872,21.0,63.0,24,94,209.92
838,22.0,81.0,10,69,246.01
619,42.0,87.0,8,98,41.8
793,17.0,52.0,22,51,274.11
684,29.0,75.0,20,55,217.16
858,30.0,55.0,16,62,336.27
950,18.0,73.0,12,67,306.76
611,35.0,38.0,9,19,275.65
283,20.0,62.0,10,53,2.54
312,15.0,31.0,16,0,125.78
936,18.0,30.0,10,89,321.6
531,25.0,89.0,9,97,14.3
577,26.0,31.0,3,9,278.46
954,40.0,60.0,19,22,409.23
854,43.0,44.0,11,50,329.53
240,19.0,22.0,6,23,63.82
969,37.0,22.0,6,12,506.7
996,43.0,47.0,15,28,475.31
304,35.0,42.0,15,57,31.92
401,30.0,67.0,13,90,0.36
649,27.0,86.0,22,94,88.74
465,27.0,61.0,5,42,74.04
409,31.0,59.0,14,9,184.52
762,41.0,25.0,21,30,363.02
317,21.0,39.0,2,73,-7.39
912,22.0,30.0,23,87,273.88
576,27.0,46.0,12,96,111.96
750,37.0,40.0,20,13,368.2
739,41.0,32.0,14,98,130.9
970,30.0,54.0,19,33,427.11
283,44.0,66.0,24,16,58.91
653,43.0,47.0,20,20,233.86
866,18.0,40.0,15,95,218.32
828,22.0,37.0,20,66,306.03
713,30.0,50.0,24,57,239.54
804,35.0,79.0,17,78,198.0
877,24.0,56.0,14,7,402.96
586,39.0,40.0,23,95,65.48
549,26.0,33.0,18,37,198.26
495,26.0,79.0,22,25,169.3
457,40.0,42.0,24,63,103.28
280,19.0,48.0,5,29,31.04
467,30.0,66.0,22,8,180.97
618,15.0,49.0,12,31,230.72
434,42.0,57.0,10,10,177.75
510,23.0,46.0,8,85,72.72
556,26.0,34.0,6,33,233.15
412,19.0,78.0,15,17,153.34
773,36.0,22.0,12,18,331.75
248,34.0,29.0,6,53,32.78
326,36.0,36.0,12,81,7.27
422,42.0,30.0,15,36,98.19
478,38.0,67.0,12,81,46.98
607,17.0,24.0,9,11,289.77
704,19.0,88.0,19,3,275.8
493,16.0,83.0,21,42,102.73
995,28.0,33.0,2,26,469.58
476,16.0,69.0,13,50,68.2
637,27.0,45.0,13,4,295.97
306,21.0,88.0,8,5,105.12
857,24.0,26.0,13,76,325.02
619,27.0,35.0,4,86,114.78
810,30.0,74.0,6,55,223.01
628,40.0,75.0,6,88,122.15
574,28.0,23.0,21,67,197.35
272,25.0,67.0,12,95,-82.46
833,24.0,36.0,12,43,330.41
229,20.0,55.0,17,14,20.28
387,18.0,89.0,7,89,-38.41
563,35.0,57.0,15,41,197.14
999,15.0,81.0,24,10,433.45
650,21.0,67.0,17,72,154.6
394,38.0,29.0,10,10,155.21
355,23.0,55.0,23,65,27.93
371,22.0,48.0,20,26,62.87
240,19.0,23.0,6,57,-5.67
262,33.0,63.0,9,89,-95.22
222,24.0,75.0,15,71,-50.46
559,25.0,61.0,16,20,218.89
274,39.0,32.0,21,20,88.45
759,29.0,65.0,8,71,203.39
871,20.0,52.0,16,0,421.02
317,29.0,40.0,5,57,35.04
811,19.0,76.0,18,12,340.86
579,43.0,88.0,20,72,83.6
878,33.0,89.0,14,91,231.36
489,36.0,86.0,2,5,148.68
639,33.0,67.0,23,86,111.76
867,24.0,52.0,23,99,245.83
206,26.0,55.0,3,57,-57.37
395,36.0,52.0,14,16,183.18
620,18.0,50.0,7,72,144.41
767,32.0,40.0,15,11,328.41
392,30.0,46.0,17,85,17.68
758,22.0,81.0,1,51,219.38
347,18.0,45.0,9,75,-2.75
986,39.0,85.0,22,69,314.19
868,37.0,31.0,14,72,290.21
401,26.0,41.0,16,51,101.65
643,16.0,36.0,21,36,204.38
618,18.0,26.0,13,2,290.99
626,19.0,87.0,6,97,55.56
678,17.0,56.0,22,7,325.24
674,23.0,57.0,1,9,291.72
325,43.0,30.0,21,46,28.32
594,35.0,20.0,4,40,229.32
775,32.0,44.0,3,63,244.76
524,25.0,61.0,17,41,136.41
591,17.0,71.0,2,42,182.45
887,44.0,43.0,19,8,363.33
827,39.0,72.0,20,13,341.17
639,37.0,75.0,23,90,89.51
403,16.0,82.0,22,95,-19.85
685,23.0,27.0,8,3,349.66
230,28.0,78.0,15,1,59.07
587,18.0,64.0,6,96,63.19
824,43.0,46.0,23,84,235.27
633,23.0,71.0,20,0,287.86
575,27.0,37.0,2,74,137.56
543,32.0,35.0,15,64,179.18
642,29.0,85.0,20,45,185.12
778,42.0,24.0,12,58,281.79
274,24.0,22.0,3,74,-21.34
756,30.0,89.0,10,6,351.39
971,26.0,26.0,14,65,364.59
865,34.0,69.0,22,14,380.41
354,19.0,33.0,14,71,-17.13
629,16.0,57.0,3,46,211.29
562,24.0,66.0,1,89,40.64
647,15.0,52.0,20,39,229.04
433,21.0,62.0,1,41,129.37
762,40.0,48.0,2,50,307.21
461,31.0,76.0,19,34,117.43
324,30.0,24.0,24,40,72.08
444,41.0,79.0,10,84,-1.68
741,41.0,89.0,4,56,229.16
684,38.0,21.0,4,37,273.16
321,17.0,89.0,13,71,-57.72
324,28.0,62.0,9,95,-42.35
748,24.0,23.0,7,7,372.67
369,36.0,75.0,16,73,-13.31
323,21.0,78.0,18,62,-37.07
234,40.0,28.0,3,86,-57.16
286,31.0,22.0,20,3,137.44
845,44.0,67.0,20,47,300.12
907,20.0,62.0,10,51,298.01
985,37.0,20.0,24,37,462.44
400,36.0,76.0,22,93,-56.68
568,18.0,72.0,16,86,77.44
996,31.0,35.0,3,4,495.03
276,41.0,70.0,11,84,-106.86
258,23.0,74.0,10,69,-45.14
630,18.0,20.0,16,80,158.13
837,21.0,47.0,8,88,236.77
699,37.0,72.0,9,23,311.46
308,16.0,77.0,15,85,-40.3
935,31.0,79.0,21,76,292.91
477,38.0,78.0,3,16,132.21
267,22.0,41.0,4,77,-21.27
268,37.0,27.0,13,97,-103.49
364,44.0,68.0,12,89,-39.5
688,29.0,61.0,21,82,159.04
504,29.0,46.0,9,25,190.72
873,22.0,58.0,14,2,444.68
564,30.0,44.0,19,1,257.26
578,33.0,57.0,7,91,74.54
542,25.0,43.0,16,1,270.86
753,16.0,43.0,22,21,356.73
553,37.0,79.0,20,70,142.03
615,38.0,69.0,5,3,238.43
308,31.0,85.0,10,37,17.81
762,42.0,33.0,18,83,191.67
961,40.0,72.0,11,69,337.88
696,30.0,51.0,7,72,199.22
540,39.0,67.0,14,51,148.16
582,29.0,58.0,20,30,204.6
732,27.0,59.0,18,25,315.79
499,29.0,61.0,11,35,150.87
338,41.0,27.0,22,25,103.94
558,18.0,45.0,12,27,190.98
698,30.0,31.0,18,4,378.3
584,44.0,62.0,2,73,83.55
803,26.0,70.0,23,17,344.58
479,44.0,82.0,1,14,188.67
836,18.0,68.0,23,56,304.52
682,17.0,46.0,10,96,113.84
310,36.0,28.0,21,4,117.05
338,31.0,58.0,1,36,76.58
634,36.0,84.0,6,85,117.3
708,32.0,26.0,7,85,220.0
472,39.0,86.0,17,21,109.81
298,32.0,29.0,9,51,62.62
963,37.0,72.0,7,14,417.62
303,42.0,76.0,17,16,86.14
413,31.0,46.0,3,50,56.84
960,26.0,73.0,16,44,354.52
863,37.0,23.0,5,62,358.27
961,35.0,42.0,20,27,470.47
986,38.0,67.0,18,58,365.11
364,18.0,61.0,1,85,-39.59
719,26.0,22.0,4,20,332.73
483,40.0,22.0,23,41,162.34
716,37.0,47.0,11,80,197.9
856,36.0,82.0,20,68,256.11
812,35.0,50.0,9,81,199.89
363,34.0,29.0,8,16,128.78
858,29.0,68.0,8,67,251.2
263,37.0,40.0,5,6,107.57
290,42.0,72.0,12,88,-81.12
316,30.0,73.0,1,39,35.18
466,19.0,76.0,15,39,99.28
884,35.0,39.0,18,42,404.32
758,29.0,68.0,6,72,240.23
339,31.0,26.0,10,82,4.56
445,32.0,48.0,14,50,93.19
860,19.0,67.0,21,72,288.0
957,27.0,32.0,8,22,455.36
594,33.0,22.0,3,94,104.53
686,44.0,21.0,22,31,269.89
675,27.0,35.0,22,30,292.89
716,32.0,25.0,19,16,358.45
383,28.0,64.0,12,57,55.76
219,44.0,24.0,12,85,-72.4
757,18.0,75.0,15,34,267.86
723,18.0,51.0,7,29,273.57
781,34.0,68.0,4,63,247.32
728,34.0,32.0,21,52,264.36
346,33.0,49.0,9,50,27.48
865,27.0,44.0,22,36,364.31
503,26.0,79.0,16,89,44.45
819,21.0,78.0,13,5,359.44
947,39.0,47.0,4,33,438.2
781,26.0,77.0,24,55,228.11
894,35.0,39.0,9,95,248.02
961,18.0,53.0,21,24,412.29
427,41.0,24.0,18,12,194.9
301,16.0,79.0,15,62,-34.2
786,16.0,62.0,15,65,218.18
616,19.0,76.0,6,4,219.35
415,37.0,76.0,11,74,-12.68
606,24.0,73.0,8,10,212.63
598,24.0,64.0,21,87,113.97
914,23.0,56.0,17,77,274.32
903,27.0,67.0,24,93,267.06
960,21.0,73.0,17,43,383.68
698,19.0,67.0,24,98,144.93
953,40.0,25.0,18,84,309.86
664,24.0,53.0,4,68,187.69
890,24.0,82.0,15,1,417.13
930,20.0,67.0,2,39,370.39
281,41.0,42.0,2,36,35.37
803,42.0,32.0,10,48,322.49
886,33.0,66.0,3,97,251.55
950,35.0,63.0,8,74,318.05
971,22.0,51.0,20,35,404.46
564,15.0,45.0,7,74,96.71
362,42.0,72.0,12,72,-16.19
247,31.0,33.0,19,69,-25.31
710,21.0,71.0,15,33,255.07
528,28.0,55.0,14,57,104.16
315,35.0,27.0,16,36,67.56
536,44.0,59.0,14,95,30.26
936,35.0,41.0,3,59,358.3
346,31.0,35.0,18,11,189.82
774,23.0,79.0,22,31,300.7
522,31.0,79.0,6,80,87.94
642,19.0,29.0,17,3,297.02
212,40.0,44.0,23,32,5.84
693,39.0,50.0,14,42,270.92
900,44.0,40.0,14,8,398.59
486,34.0,52.0,20,97,22.23
919,43.0,50.0,13,50,362.26
313,22.0,40.0,3,93,-56.9
679,20.0,55.0,13,19,268.09
221,25.0,84.0,24,38,-37.88
548,33.0,23.0,2,22,241.71
925,18.0,87.0,9,40,313.34
882,32.0,23.0,13,43,380.79
765,15.0,28.0,8,34,326.87
519,27.0,49.0,16,22,191.41
325,28.0,64.0,24,57,-20.05
476,38.0,23.0,3,47,129.56
403,15.0,88.0,13,86,-41.23
393,44.0,42.0,4,57,30.22
880,43.0,35.0,18,56,329.01
863,25.0,41.0,2,86,267.29
746,31.0,67.0,20,38,303.55
895,18.0,81.0,22,27,355.75
485,40.0,79.0,21,63,67.78
256,26.0,24.0,15,61,-16.22
933,24.0,26.0,17,82,311.61
502,20.0,70.0,10,61,100.18
362,39.0,84.0,1,93,-69.59
218,15.0,28.0,6,84,-71.97
569,21.0,64.0,3,87,76.01
463,40.0,66.0,19,84,-1.03
993,41.0,86.0,7,25,400.29
312,35.0,43.0,13,50,79.57
687,42.0,29.0,13,49,240.24
526,30.0,67.0,17,35,133.39
741,38.0,54.0,1,25,281.98
846,28.0,73.0,14,32,326.24
778,37.0,35.0,3,99,175.63
264,34.0,72.0,14,67,-73.18
491,34.0,59.0,24,72,103.3
224,20.0,39.0,1,7,79.29
748,36.0,88.0,16,65,199.8
200,39.0,64.0,10,92,-147.75
748,42.0,25.0,13,22,329.77
340,19.0,88.0,4,69,1.02
943,38.0,68.0,9,54,329.35
847,35.0,58.0,14,42,297.91
387,32.0,21.0,4,99,9.0
327,29.0,58.0,10,20,112.41
400,20.0,40.0,8,21,163.03
326,39.0,59.0,23,8,98.25
456,43.0,73.0,3,33,103.96
875,33.0,31.0,23,58,377.1
746,15.0,56.0,7,25,309.41
393,15.0,57.0,10,0,150.85
902,27.0,34.0,3,99,277.37
303,17.0,26.0,2,4,113.53
734,24.0,69.0,15,40,267.32
464,35.0,84.0,9,62,63.7
583,17.0,86.0,15,21,210.93
459,23.0,63.0,17,67,39.95
613,22.0,50.0,7,47,200.66
557,17.0,62.0,20,65,87.82
274,39.0,67.0,18,15,93.81
554,27.0,80.0,15,79,70.72
783,20.0,29.0,18,52,258.35
970,27.0,48.0,24,85,377.05
387,37.0,67.0,23,64,12.43
884,34.0,81.0,12,78,262.5
489,34.0,32.0,23,63,78.64
244,26.0,63.0,21,87,-96.06
772,27.0,66.0,8,67,267.65
282,16.0,83.0,2,62,-38.0
322,35.0,72.0,2,61,-42.52
557,38.0,63.0,5,81,69.09
727,37.0,47.0,1,80,212.21
265,30.0,21.0,22,70,1.68
856,37.0,76.0,4,44,303.88
574,20.0,76.0,6,51,148.84
361,33.0,53.0,23,73,-17.41
945,35.0,77.0,13,64,298.01
579,27.0,71.0,19,1,206.18
855,31.0,48.0,11,48,353.16
557,37.0,54.0,13,21,210.65
387,23.0,67.0,8,95,-39.07
521,31.0,52.0,7,28,126.35
649,43.0,28.0,13,34,249.96
673,16.0,67.0,1,80,150.77
212,33.0,86.0,6,75,-147.59
383,33.0,55.0,7,23,117.93
310,38.0,63.0,16,93,-76.83
707,21.0,79.0,15,29,247.54
489,36.0,82.0,20,83,56.3
494,24.0,24.0,2,41,184.65
650,24.0,59.0,23,70,229.45
414,41.0,38.0,16,49,61.84
831,34.0,66.0,17,70,268.02
766,23.0,84.0,24,59,257.7
226,31.0,86.0,15,29,-17.54
829,41.0,37.0,3,11,424.98
932,29.0,69.0,4,48,367.5
430,16.0,49.0,12,94,-42.43
764,44.0,85.0,5,81,147.68
520,18.0,24.0,17,45,150.79
432,33.0,61.0,6,42,99.44
869,31.0,24.0,10,1,480.32
636,19.0,69.0,22,96,87.61
980,21.0,77.0,18,74,342.59
732,32.0,27.0,10,97,186.76
602,35.0,50.0,6,79,127.35
252,36.0,31.0,24,53,-5.24
986,41.0,40.0,6,34,448.74
512,21.0,81.0,20,51,106.59
480,31.0,52.0,15,32,142.55
925,21.0,45.0,4,84,300.59
230,18.0,59.0,16,83,-110.25
536,22.0,84.0,22,71,65.75
382,27.0,78.0,24,50,67.75
222,18.0,34.0,8,25,27.31
743,20.0,20.0,7,96,231.34
645,39.0,30.0,19,61,212.66
273,19.0,74.0,17,60,-57.57
209,44.0,21.0,21,25,14.66
683,26.0,84.0,13,36,206.83
655,18.0,63.0,15,29,249.57
765,38.0,35.0,2,94,178.02
763,43.0,41.0,10,96,133.94
859,23.0,37.0,13,10,381.42
359,18.0,66.0,18,52,4.17
213,33.0,49.0,23,40,1.09
377,38.0,29.0,11,4,164.9
611,28.0,77.0,13,65,160.91
252,19.0,81.0,19,12,18.46
607,32.0,25.0,24,62,180.96
221,24.0,86.0,24,81,-81.5
229,39.0,60.0,22,89,-117.67
902,33.0,62.0,5,24,399.39
459,26.0,37.0,3,43,118.92
404,32.0,77.0,19,13,127.69
258,31.0,79.0,23,68,-48.99
670,44.0,46.0,13,58,212.04
975,38.0,87.0,5,55,349.41
665,25.0,41.0,12,51,219.75
211,17.0,43.0,14,65,-61.35
830,37.0,59.0,6,67,252.18
489,31.0,85.0,22,11,173.44
959,15.0,59.0,9,74,320.9
553,29.0,25.0,17,67,168.69
838,42.0,37.0,8,42,314.67
274,23.0,49.0,13,72,-44.44
915,29.0,40.0,5,73,303.95
760,42.0,81.0,22,90,149.91
790,38.0,29.0,22,5,411.71
640,42.0,32.0,17,14,273.27
440,43.0,28.0,3,41,120.08
353,17.0,87.0,6,30,24.21
985,36.0,58.0,14,85,306.93
295,41.0,43.0,15,52,-20.32
925,33.0,53.0,14,5,458.32
493,27.0,80.0,11,32,146.91
408,26.0,60.0,11,28,122.34
542,34.0,24.0,9,20,242.12
287,15.0,69.0,6,53,-14.58
975,35.0,23.0,15,55,371.32
589,31.0,70.0,12,93,64.99
524,27.0,71.0,6,20,142.93
356,15.0,58.0,1,99,-75.87
867,24.0,27.0,16,54,322.64
850,29.0,64.0,20,57,300.33
832,41.0,47.0,15,63,329.99
776,41.0,46.0,2,85,222.45
818,44.0,84.0,17,45,306.49
858,21.0,53.0,3,83,269.13
336,42.0,81.0,3,21,61.6
873,36.0,81.0,5,59,289.96
627,32.0,57.0,17,10,294.14
651,30.0,45.0,23,46,235.02
811,28.0,43.0,17,30,343.49
340,41.0,58.0,20,76,3.93
282,42.0,40.0,6,17,83.59
376,32.0,66.0,1,21,81.1
397,41.0,67.0,7,55,37.94
823,21.0,32.0,15,16,385.25
767,31.0,22.0,7,37,320.96
890,43.0,51.0,19,24,377.4
620,32.0,54.0,20,31,225.05
600,26.0,38.0,22,14,231.11
897,22.0,33.0,11,12,394.1
670,36.0,67.0,23,57,180.63
417,44.0,87.0,14,89,-43.06
928,16.0,64.0,13,49,317.61
831,21.0,38.0,20,10,375.37
374,18.0,83.0,9,12,95.84
222,32.0,85.0,9,96,-119.68
924,42.0,85.0,16,49,347.11
434,20.0,64.0,12,37,121.48
212,41.0,86.0,10,0,14.39
300,23.0,88.0,6,38,5.75
735,41.0,22.0,18,26,346.16
722,23.0,57.0,2,35,237.81
984,28.0,61.0,20,31,418.81
651,22.0,59.0,9,40,225.69
630,33.0,69.0,19,14,225.6
992,17.0,54.0,6,30,435.38
805,32.0,43.0,2,5,426.89
912,19.0,36.0,15,88,308.09
732,28.0,59.0,17,51,247.44
922,42.0,85.0,16,81,278.99
851,44.0,63.0,21,21,324.52
492,18.0,42.0,8,30,168.17
300,21.0,25.0,10,99,-69.89
701,34.0,85.0,10,72,165.76
503,39.0,40.0,18,45,145.93
739,42.0,54.0,10,66,224.6
752,26.0,48.0,9,96,149.36
554,16.0,26.0,24,90,67.49
502,25.0,72.0,19,42,123.37
695,28.0,56.0,1,0,299.48
857,36.0,42.0,4,43,347.29
967,37.0,27.0,24,56,406.5
426,30.0,67.0,3,8,192.54
435,34.0,29.0,10,4,205.18
654,43.0,43.0,12,78,191.43
212,20.0,66.0,18,8,35.1
409,37.0,72.0,23,44,45.81
940,18.0,58.0,20,91,273.08
596,29.0,86.0,6,76,101.69
299,38.0,85.0,21,23,51.17
230,39.0,25.0,2,73,-44.89
727,15.0,40.0,10,41,271.84
848,21.0,55.0,2,21,388.94
528,39.0,22.0,9,59,135.4
365,26.0,61.0,10,85,-12.08
658,24.0,64.0,2,36,237.12
299,19.0,63.0,8,38,27.13
820,26.0,52.0,24,83,237.29
372,32.0,79.0,17,73,-32.43
948,24.0,89.0,17,73,291.92
361,20.0,45.0,4,89,-31.25
927,42.0,40.0,18,88,273.0
975,26.0,21.0,12,52,383.49
462,21.0,66.0,17,27,125.37
473,32.0,49.0,9,76,57.08
202,16.0,46.0,19,14,2.69
227,24.0,39.0,14,59,-58.38
525,29.0,69.0,14,59,72.51
348,44.0,42.0,17,5,136.9
739,26.0,32.0,2,51,293.61
687,40.0,23.0,8,11,325.77
637,31.0,33.0,5,18,278.66
264,18.0,39.0,7,95,-118.2
555,21.0,32.0,22,74,76.75
732,44.0,22.0,16,96,175.54
451,23.0,66.0,16,1,197.16
434,33.0,22.0,17,54,92.85
426,42.0,20.0,22,14,197.01
724,41.0,43.0,7,63,210.82
512,37.0,54.0,20,99,53.7
248,21.0,33.0,8,68,-52.42
317,37.0,86.0,8,14,15.89
253,16.0,32.0,23,42,25.28
849,20.0,66.0,11,73,237.69
764,32.0,69.0,15,16,299.75
243,20.0,45.0,18,97,-98.72
252,27.0,22.0,6,23,53.61
785,40.0,70.0,22,73,189.49
757,33.0,59.0,12,29,333.78
724,44.0,87.0,15,66,175.71
876,16.0,55.0,23,50,292.3
301,26.0,70.0,6,59,-22.51
991,29.0,20.0,18,2,566.5
969,28.0,52.0,24,4,483.2
597,20.0,26.0,20,27,228.71
337,32.0,71.0,9,77,-17.82
874,19.0,30.0,8,10,414.41
586,32.0,46.0,14,71,130.91
310,17.0,33.0,19,71,-26.63
813,17.0,65.0,19,75,246.63
216,36.0,29.0,8,14,64.3
979,36.0,43.0,2,82,361.29
381,24.0,80.0,4,47,50.49
735,33.0,37.0,6,45,311.6
740,17.0,28.0,3,27,328.0
370,43.0,36.0,3,6,141.9
608,26.0,77.0,19,70,125.29
939,43.0,32.0,11,93,325.81
577,30.0,69.0,10,81,126.23
387,31.0,25.0,12,87,48.59
429,21.0,70.0,14,5,139.0
318,27.0,55.0,18,57,-24.2
355,38.0,44.0,24,67,-0.41
983,16.0,30.0,9,54,395.16
886,18.0,63.0,15,66,277.59
664,24.0,33.0,24,48,236.15
303,21.0,48.0,3,50,8.43
803,38.0,69.0,23,58,225.56
897,31.0,24.0,11,5,471.53
994,34.0,88.0,10,89,294.12
701,20.0,76.0,18,50,239.34
892,33.0,45.0,4,37,380.2
881,19.0,25.0,13,10,447.0
898,24.0,35.0,6,51,340.31
374,23.0,79.0,21,92,-42.96
933,41.0,31.0,13,19,453.32
944,27.0,22.0,20,9,491.13
873,33.0,82.0,5,25,356.42
620,35.0,83.0,20,47,181.61
333,38.0,81.0,14,90,-58.8
590,20.0,25.0,13,13,290.53
935,18.0,38.0,14,99,260.23
700,38.0,37.0,8,58,207.46
864,41.0,62.0,16,11,373.77
232,17.0,22.0,13,22,53.31
254,17.0,57.0,24,84,-89.41
718,18.0,87.0,15,71,181.45
955,39.0,63.0,19,38,404.67
837,19.0,82.0,1,8,327.85
211,22.0,61.0,22,87,-125.97
727,30.0,83.0,2,94,149.69
919,36.0,73.0,18,24,414.15
754,17.0,56.0,19,16,321.23
572,38.0,23.0,8,41,231.91
683,26.0,21.0,3,28,309.08
846,39.0,63.0,23,59,293.72
427,22.0,86.0,14,66,22.25
822,27.0,87.0,9,84,210.41
506,18.0,81.0,8,56,93.72
656,28.0,20.0,17,71,196.49
359,28.0,36.0,23,13,162.5
530,27.0,35.0,23,38,201.49
975,41.0,28.0,24,15,494.61
424,20.0,72.0,16,17,108.8
928,31.0,78.0,10,94,237.35
703,18.0,28.0,21,74,211.61
655,22.0,31.0,10,19,286.24
244,31.0,60.0,24,45,0.18
413,17.0,34.0,6,44,74.0
258,31.0,85.0,22,3,37.54
843,23.0,30.0,17,83,269.9
815,16.0,27.0,16,94,206.65
394,39.0,74.0,15,19,122.98
688,27.0,25.0,22,10,322.49
356,34.0,72.0,14,64,-12.35
809,16.0,39.0,4,17,317.62
425,34.0,58.0,4,38,131.5
611,42.0,53.0,2,43,207.2
404,25.0,76.0,11,96,-66.51
278,41.0,38.0,4,99,-128.65
323,40.0,50.0,21,17,79.71
670,36.0,59.0,21,46,241.05
417,29.0,33.0,16,30,131.21
715,25.0,56.0,21,98,142.31
801,37.0,63.0,4,38,325.56
303,17.0,28.0,1,37,34.88
592,17.0,77.0,24,78,78.76
830,42.0,39.0,19,46,323.29
844,40.0,69.0,2,69,253.4
807,26.0,39.0,9,7,376.31
633,38.0,55.0,23,85,138.69
530,19.0,46.0,13,64,123.86
342,34.0,51.0,18,12,135.14
999,21.0,20.0,16,54,411.58
739,21.0,36.0,16,87,157.63
477,27.0,28.0,10,84,68.57
432,23.0,64.0,9,42,70.56
728,39.0,85.0,11,3,275.06
770,35.0,51.0,4,70,231.21
289,27.0,64.0,10,59,-11.81
691,26.0,28.0,3,11,362.82
398,27.0,49.0,6,58,35.99
561,38.0,57.0,3,76,114.89
640,24.0,79.0,9,53,143.62
225,15.0,20.0,3,43,29.15
224,39.0,24.0,18,15,49.19
593,22.0,82.0,8,5,234.25
706,36.0,55.0,22,13,304.66
500,30.0,84.0,8,57,108.98
538,27.0,43.0,15,30,168.89
466,17.0,23.0,13,99,20.75
660,17.0,87.0,7,40,184.97
892,38.0,44.0,19,34,421.76
655,19.0,26.0,8,9,286.55
559,40.0,32.0,10,80,58.21
267,25.0,87.0,17,29,47.14
611,44.0,62.0,1,43,193.48
690,21.0,76.0,13,54,184.15
248,35.0,55.0,13,70,-54.24
886,38.0,33.0,24,17,401.28
763,24.0,46.0,16,82,172.51
301,24.0,56.0,9,78,-45.74
415,34.0,44.0,10,85,14.82
637,16.0,86.0,6,38,195.54
899,17.0,23.0,5,41,358.99
768,22.0,35.0,2,53,263.31
758,25.0,38.0,11,29,314.97
358,27.0,48.0,9,19,97.28
688,21.0,70.0,6,95,144.34
885,27.0,37.0,8,41,388.53
441,16.0,77.0,9,88,-22.17
993,20.0,63.0,9,86,322.44
952,23.0,35.0,8,4,454.43
204,34.0,84.0,12,49,-67.03
795,39.0,21.0,8,40,358.92
560,16.0,75.0,3,93,58.12
658,32.0,47.0,13,38,251.68
447,30.0,84.0,19,56,59.48
765,39.0,24.0,2,90,209.91
872,26.0,41.0,17,56,300.63
621,21.0,32.0,16,36,226.68
937,21.0,84.0,4,6,432.87
214,31.0,35.0,18,4,79.97
935,27.0,83.0,14,78,287.72
772,25.0,51.0,2,50,264.71
321,20.0,70.0,13,7,76.4
476,43.0,77.0,21,55,54.62
757,37.0,65.0,20,72,206.91
652,41.0,71.0,17,10,283.28
589,28.0,82.0,15,21,196.78
493,20.0,79.0,20,97,2.77
773,20.0,84.0,5,98,150.26
797,16.0,74.0,7,76,228.95
645,36.0,76.0,18,10,267.02
409,34.0,45.0,24,59,36.39
789,39.0,31.0,11,95,250.85
913,29.0,65.0,18,14,440.38
501,42.0,66.0,5,37,144.01
422,31.0,57.0,13,0,173.79
933,43.0,40.0,18,45,369.17
202,22.0,33.0,2,87,-127.35
717,19.0,21.0,20,42,273.68
292,31.0,89.0,4,21,49.71
719,34.0,52.0,13,2,344.55
627,15.0,25.0,24,13,315.9
692,36.0,56.0,16,1,340.02
434,32.0,33.0,6,60,109.37
819,29.0,56.0,8,31,353.25
360,19.0,27.0,16,37,92.45
920,21.0,32.0,13,96,286.7
951,32.0,59.0,23,45,343.77
530,20.0,77.0,4,41,130.69
532,36.0,37.0,2,5,217.84
249,35.0,76.0,9,40,-33.45
722,19.0,57.0,18,24,314.17
867,44.0,51.0,17,97,203.72
691,33.0,85.0,8,10,261.98
781,24.0,44.0,15,40,314.94
880,29.0,77.0,9,70,279.83
471,24.0,52.0,17,56,107.18
779,41.0,85.0,23,45,292.37
451,30.0,49.0,2,85,50.31
759,26.0,53.0,6,47,245.24
895,32.0,88.0,5,62,314.11
898,37.0,67.0,17,38,351.5
289,15.0,59.0,2,9,79.11
645,30.0,70.0,18,84,97.68
531,36.0,32.0,10,69,131.32
338,20.0,50.0,10,64,-20.13
556,17.0,58.0,6,97,60.48
800,16.0,82.0,12,58,227.14
473,42.0,67.0,17,77,52.59
218,16.0,67.0,13,35,-46.4
510,44.0,80.0,20,26,116.48
353,27.0,31.0,16,72,10.92
589,23.0,75.0,10,54,152.88
459,30.0,37.0,21,69,61.95
819,41.0,46.0,2,94,216.53
996,19.0,47.0,2,80,354.49
770,37.0,71.0,23,52,227.83
324,42.0,35.0,7,59,21.91
553,35.0,77.0,6,60,127.35
472,21.0,28.0,1,35,152.54
818,27.0,45.0,12,84,240.65
444,34.0,47.0,13,26,121.62
649,38.0,55.0,12,40,232.1
446,43.0,28.0,19,27,154.52
719,41.0,66.0,9,15,302.46
340,44.0,70.0,10,34,87.49
561,40.0,76.0,17,35,161.62
207,27.0,51.0,18,55,-34.1
677,41.0,86.0,8,98,120.11
551,40.0,76.0,7,18,193.28
694,21.0,73.0,9,56,186.17
805,24.0,35.0,10,84,247.52
626,29.0,81.0,12,32,200.6
238,35.0,75.0,15,22,44.89
792,41.0,42.0,15,62,275.09
386,20.0,36.0,4,69,16.28
795,19.0,57.0,4,95,163.51
799,37.0,49.0,23,21,352.98
953,42.0,77.0,1,66,321.26
292,16.0,41.0,12,98,-109.89
285,35.0,36.0,2,79,-20.34
243,29.0,34.0,15,58,2.56
336,40.0,67.0,17,24,78.03
620,30.0,51.0,7,16,283.36
273,33.0,59.0,6,38,3.56
747,23.0,76.0,12,76,171.02
812,43.0,77.0,19,91,182.21
711,36.0,35.0,1,74,195.16
355,43.0,47.0,21,73,6.09
454,40.0,20.0,14,38,161.81
370,33.0,60.0,4,23,91.83
927,21.0,67.0,5,37,354.09
369,18.0,50.0,1,87,-8.35
963,44.0,55.0,1,96,257.21
521,17.0,52.0,21,80,63.64
766,38.0,52.0,6,56,237.9
655,43.0,42.0,5,43,213.21
802,34.0,79.0,2,35,272.97
989,25.0,49.0,21,98,328.39
812,15.0,64.0,5,69,259.65
354,20.0,58.0,9,79,-37.84
548,40.0,64.0,19,44,159.46
650,25.0,31.0,21,91,115.99
852,41.0,51.0,15,95,237.04
372,15.0,75.0,13,25,58.92
209,35.0,43.0,12,10,78.9
939,21.0,32.0,5,51,388.27
464,20.0,39.0,2,24,156.69
637,28.0,75.0,4,30,219.79
959,16.0,72.0,18,84,287.94
446,41.0,87.0,21,44,56.02
866,18.0,73.0,10,66,294.0
745,25.0,53.0,13,75,217.47
698,29.0,47.0,12,39,286.39
328,32.0,69.0,2,45,-16.19
871,41.0,21.0,15,53,343.37
800,15.0,45.0,14,40,310.96
804,17.0,70.0,10,88,194.53
526,17.0,66.0,22,80,61.35
952,42.0,45.0,8,37,392.78
603,21.0,80.0,15,99,104.0
828,15.0,42.0,13,35,338.67
805,39.0,56.0,8,82,225.6
874,25.0,60.0,21,43,359.43
810,20.0,71.0,21,56,253.52
824,34.0,68.0,22,65,238.24
558,17.0,46.0,14,80,112.64
802,33.0,25.0,1,29,352.83
917,16.0,85.0,13,9,428.76
216,32.0,43.0,8,98,-88.04
473,44.0,57.0,18,60,31.3
884,26.0,47.0,22,62,321.25
315,43.0,47.0,9,35,71.58
892,24.0,85.0,13,53,274.29
290,19.0,80.0,3,96,-102.38
281,23.0,65.0,18,64,-20.69
523,16.0,88.0,10,81,37.35
313,16.0,62.0,5,3,98.8
968,42.0,78.0,6,54,371.57
257,20.0,21.0,8,53,-23.34
353,43.0,34.0,24,90,-12.03
603,24.0,56.0,7,88,112.84
827,32.0,39.0,21,63,321.28
465,26.0,54.0,18,91,6.79
514,18.0,53.0,14,21,213.43
914,36.0,50.0,15,24,379.73
240,35.0,38.0,10,80,-71.01
304,31.0,87.0,21,58,-42.86
392,29.0,43.0,12,56,82.49
600,20.0,58.0,7,53,150.36
477,30.0,73.0,7,43,140.64
553,31.0,58.0,11,51,120.79
948,17.0,36.0,13,75,318.09
932,24.0,38.0,15,15,480.72
779,19.0,67.0,18,15,316.44
908,28.0,54.0,7,80,314.99
455,40.0,51.0,6,54,103.38
850,43.0,66.0,23,60,252.95
860,35.0,66.0,11,94,230.43
298,27.0,83.0,8,78,-31.53
787,40.0,65.0,20,76,208.65
481,20.0,54.0,1,39,117.55
602,26.0,36.0,8,90,124.07
308,40.0,61.0,8,20,64.3
899,22.0,48.0,19,65,286.53
398,19.0,89.0,3,7,116.06
502,44.0,36.0,5,70,80.79
526,29.0,33.0,3,9,241.02
353,41.0,43.0,15,56,-13.52
751,30.0,76.0,14,3,353.54
844,15.0,69.0,21,42,274.32
604,30.0,76.0,15,99,88.33
661,19.0,80.0,24,98,111.79
331,17.0,58.0,17,62,-43.66
990,34.0,74.0,18,42,422.4
283,29.0,55.0,2,66,-23.89
598,27.0,56.0,12,81,140.04
953,38.0,33.0,16,50,406.77
827,30.0,46.0,4,55,279.14
308,37.0,50.0,2,42,19.94
420,25.0,63.0,14,23,160.88
752,35.0,87.0,11,95,123.19
567,16.0,67.0,13,33,182.67
346,36.0,76.0,7,58,-8.82
311,41.0,41.0,10,1,104.97
814,20.0,23.0,24,1,414.93
757,40.0,65.0,1,9,378.18
693,40.0,78.0,21,22,278.11
704,44.0,53.0,4,14,278.93
674,41.0,30.0,18,75,187.41
470,20.0,50.0,6,16,137.31
620,28.0,30.0,2,81,107.51
906,39.0,75.0,3,13,404.88
566,25.0,57.0,14,80,114.0
479,22.0,40.0,8,78,97.07
482,22.0,29.0,16,75,89.76
239,15.0,45.0,19,15,47.58
388,35.0,27.0,18,31,117.02
363,21.0,27.0,6,22,133.81
735,20.0,79.0,14,33,238.73
735,35.0,53.0,3,97,148.28
203,22.0,35.0,16,15,20.41
489,33.0,32.0,1,33,163.27
632,36.0,41.0,12,70,153.1
670,35.0,46.0,14,32,245.85
380,38.0,83.0,19,67,-13.8
447,34.0,21.0,22,42,144.47
827,22.0,45.0,19,63,308.63
478,40.0,88.0,9,70,46.27
780,28.0,49.0,7,17,341.93
453,32.0,27.0,14,67,99.91
380,39.0,57.0,5,60,34.8
880,43.0,80.0,18,74,259.79
708,30.0,84.0,9,19,283.74
960,23.0,86.0,21,10,465.31
899,29.0,65.0,7,78,287.23
765,44.0,62.0,9,45,253.12
525,40.0,78.0,4,63,72.81
556,24.0,65.0,17,80,104.63
849,43.0,54.0,12,97,190.42
879,36.0,58.0,6,75,306.99
590,30.0,70.0,18,27,176.17
814,18.0,23.0,8,47,345.43
284,34.0,70.0,21,34,43.34
516,27.0,24.0,15,7,238.21
411,36.0,74.0,3,90,-35.35
714,19.0,39.0,2,21,330.94
583,36.0,43.0,24,23,269.04
890,21.0,55.0,23,65,292.43
541,37.0,53.0,9,94,70.36
237,23.0,73.0,8,85,-86.86
710,22.0,53.0,4,63,224.56
619,43.0,36.0,2,64,169.14
950,30.0,24.0,14,13,469.5
368,20.0,37.0,2,24,118.36
542,42.0,74.0,2,99,-15.21
505,30.0,72.0,22,99,48.96
741,20.0,69.0,7,2,302.21
901,28.0,64.0,12,4,417.18
736,35.0,32.0,6,64,238.45
311,15.0,35.0,18,53,-0.92
610,39.0,32.0,4,18,240.54
405,23.0,39.0,19,96,19.34
384,39.0,85.0,13,53,62.33
581,41.0,66.0,20,93,98.52
695,38.0,38.0,21,75,208.96
578,27.0,64.0,23,9,294.39
246,40.0,56.0,2,97,-120.83
939,43.0,73.0,8,15,405.2
750,33.0,25.0,19,45,299.13
727,31.0,33.0,9,28,344.83
703,25.0,23.0,4,14,345.97
221,42.0,74.0,16,47,-11.5
412,42.0,53.0,19,10,151.11
509,22.0,46.0,10,33,137.58
860,37.0,26.0,6,35,360.34
952,43.0,22.0,16,29,452.89
471,19.0,66.0,10,98,-12.84
770,24.0,21.0,13,72,257.41
998,21.0,44.0,9,81,345.84
401,24.0,79.0,7,18,150.31
231,18.0,43.0,4,67,-38.16
642,23.0,34.0,19,69,193.17
361,41.0,33.0,4,32,98.11
966,40.0,73.0,19,95,254.28
453,28.0,25.0,19,79,73.6
720,16.0,37.0,12,74,245.11
850,39.0,39.0,13,21,393.76
679,23.0,81.0,4,35,219.22
209,35.0,59.0,10,22,9.38
925,41.0,58.0,21,62,353.52
704,15.0,71.0,7,25,251.75
984,37.0,51.0,5,59,369.98
759,24.0,46.0,17,94,162.61
635,24.0,71.0,18,92,95.69
310,34.0,82.0,11,4,101.56
352,39.0,82.0,15,53,5.27
834,36.0,36.0,21,37,349.19
301,43.0,68.0,22,61,-49.51
952,17.0,42.0,7,24,415.26
390,20.0,32.0,18,97,25.54
928,43.0,42.0,6,11,436.52
762,40.0,76.0,18,21,311.56
280,20.0,81.0,16,8,45.16
688,35.0,73.0,2,83,149.03
287,16.0,39.0,19,28,48.44
393,40.0,71.0,1,43,83.36
303,40.0,42.0,11,92,-41.89
982,32.0,54.0,20,26,465.67
295,37.0,86.0,5,54,-21.34
622,16.0,53.0,16,80,163.7
397,26.0,52.0,23,4,180.03
200,36.0,65.0,1,51,-79.79
606,19.0,64.0,19,12,275.75
577,34.0,38.0,14,41,200.03
366,21.0,34.0,3,14,158.07
708,38.0,85.0,2,78,134.74
837,30.0,58.0,24,17,378.53
512,34.0,37.0,5,49,164.2
792,15.0,89.0,17,1,349.28
617,15.0,78.0,18,86,83.96
962,31.0,51.0,1,12,413.93
880,41.0,40.0,15,67,290.0
676,15.0,59.0,22,46,195.06
272,35.0,46.0,9,88,-106.43
340,34.0,21.0,23,74,3.21
781,27.0,58.0,5,49,318.72
461,44.0,75.0,13,11,177.9
539,23.0,32.0,19,12,221.75
507,29.0,75.0,24,8,189.88
444,17.0,85.0,10,58,32.87
714,28.0,75.0,20,44,257.42
536,37.0,47.0,21,69,118.9
774,25.0,83.0,14,42,255.06
760,38.0,83.0,22,73,184.07
275,36.0,75.0,21,22,61.68
374,26.0,60.0,12,78,27.39
308,27.0,60.0,11,44,11.87
382,40.0,23.0,23,22,133.36
391,27.0,76.0,7,33,87.22
264,15.0,49.0,17,15,54.22
673,38.0,65.0,18,62,207.16
982,24.0,75.0,7,50,369.85
299,17.0,50.0,24,31,85.01
743,38.0,26.0,20,37,328.27
327,42.0,73.0,6,55,-16.68
651,18.0,27.0,11,68,187.39
568,30.0,74.0,12,16,201.67
242,22.0,88.0,16,85,-124.73
618,30.0,63.0,19,38,230.91
687,41.0,32.0,23,40,263.96
277,31.0,39.0,19,47,68.2
469,33.0,51.0,11,81,27.11
873,36.0,79.0,16,27,355.09
900,29.0,69.0,23,76,276.48
958,30.0,46.0,12,49,385.78
927,29.0,44.0,8,0,474.29
514,39.0,71.0,3,49,103.56
367,16.0,87.0,2,18,98.61
538,25.0,40.0,6,97,98.93
392,15.0,37.0,16,58,5.29
652,29.0,58.0,20,67,204.86
482,40.0,34.0,24,66,144.24
535,33.0,72.0,15,40,156.84
589,18.0,57.0,14,9,233.74
724,25.0,67.0,2,27,273.16
439,19.0,71.0,20,33,99.29
682,17.0,47.0,18,38,254.51
858,27.0,35.0,14,82,267.75
915,24.0,35.0,18,55,356.45
791,25.0,54.0,2,51,264.73
754,32.0,36.0,1,99,176.36
657,16.0,71.0,20,2,275.51
288,21.0,31.0,2,22,78.09
859,23.0,67.0,9,16,349.35
294,24.0,41.0,9,70,-24.9
651,32.0,68.0,16,25,246.96
627,37.0,71.0,11,17,249.35
350,21.0,20.0,23,45,103.67
713,41.0,85.0,6,69,170.92
575,21.0,83.0,12,30,154.7
221,17.0,27.0,3,92,-97.01
512,26.0,44.0,12,8,211.42
718,21.0,85.0,23,34,233.41
405,31.0,89.0,1,80,-15.57
574,40.0,70.0,9,59,119.31
650,15.0,72.0,20,75,110.6
825,19.0,34.0,22,62,279.65
983,30.0,69.0,6,99,296.56
794,29.0,57.0,11,51,288.71
378,16.0,59.0,3,47,30.05
409,23.0,85.0,4,60,11.34
699,21.0,58.0,10,23,283.72
663,18.0,36.0,19,73,155.71
323,34.0,26.0,6,57,20.11
312,32.0,58.0,1,63,-14.62
211,35.0,87.0,8,29,-36.99
325,18.0,54.0,8,28,67.16
764,42.0,70.0,6,9,325.65
530,27.0,66.0,17,38,187.18
482,15.0,55.0,19,54,71.86
339,42.0,83.0,1,27,74.67
600,38.0,32.0,15,17,265.55
296,17.0,37.0,13,40,67.42
716,30.0,40.0,21,80,228.91
768,44.0,84.0,3,74,181.86
268,36.0,27.0,2,64,-37.58
317,18.0,67.0,3,80,-56.6
258,39.0,62.0,9,99,-156.03
232,37.0,72.0,16,99,-123.21
517,39.0,46.0,24,45,149.78
249,30.0,38.0,13,59,-23.43
688,40.0,42.0,19,8,307.81
218,33.0,69.0,18,44,-47.34
925,15.0,70.0,21,59,316.11
396,19.0,62.0,12,27,81.16
649,33.0,70.0,12,96,104.61
758,36.0,88.0,1,2,342.36
878,38.0,60.0,20,50,338.3
651,25.0,30.0,8,7,322.96
488,27.0,71.0,17,69,64.04
340,34.0,42.0,21,58,41.48
283,19.0,68.0,20,60,-29.25
893,35.0,57.0,22,57,328.09
590,18.0,66.0,7,69,98.77
790,18.0,26.0,9,92,190.33
414,18.0,85.0,17,11,128.46
725,18.0,81.0,10,8,313.28
414,34.0,48.0,4,48,76.08
602,35.0,57.0,22,82,138.98
327,32.0,52.0,7,16,148.12
676,32.0,48.0,7,53,260.07
959,30.0,42.0,8,43,402.52
603,23.0,22.0,24,31,234.99
228,32.0,64.0,24,34,19.54
991,36.0,27.0,8,77,375.83
537,16.0,48.0,16,48,121.89
913,35.0,21.0,12,53,368.51
560,18.0,69.0,15,15,221.63
768,26.0,84.0,8,84,164.47
591,21.0,39.0,22,11,246.16
417,29.0,71.0,9,87,-14.52
773,21.0,56.0,3,97,167.56
868,43.0,46.0,22,7,379.61
401,36.0,66.0,21,20,134.41
216,40.0,25.0,16,47,-21.88
521,35.0,79.0,15,7,207.4
717,31.0,64.0,24,27,289.85
769,30.0,63.0,4,79,194.32
524,42.0,37.0,20,9,190.88
611,33.0,84.0,16,51,165.03
517,23.0,44.0,10,14,204.04
880,28.0,46.0,11,3,447.91
281,31.0,26.0,5,89,-29.21
673,19.0,63.0,11,78,109.78
667,16.0,48.0,13,99,109.03
624,34.0,63.0,15,95,118.84
930,30.0,55.0,6,61,374.25
888,28.0,38.0,16,3,412.95
403,28.0,25.0,15,40,142.29
782,41.0,44.0,11,72,217.51
586,15.0,50.0,20,98,82.42
977,17.0,28.0,2,54,380.37
297,40.0,56.0,2,27,67.48
544,21.0,46.0,12,46,152.36
407,40.0,32.0,16,8,141.48
713,29.0,60.0,19,1,329.32
835,33.0,85.0,2,66,266.45
991,34.0,43.0,17,47,403.4
785,16.0,63.0,14,68,207.09
365,33.0,79.0,24,73,-37.48
221,23.0,28.0,16,27,20.56
353,33.0,21.0,5,78,1.39
638,41.0,75.0,10,13,263.18
494,19.0,49.0,17,45,121.39
418,32.0,41.0,13,86,16.73
868,30.0,32.0,16,12,424.2
694,18.0,35.0,9,15,320.1
429,26.0,64.0,24,93,6.69
219,43.0,84.0,4,39,-50.89
752,21.0,30.0,24,71,231.52
347,28.0,89.0,16,80,-29.9
307,37.0,39.0,23,29,57.33
602,26.0,82.0,11,80,89.75
795,17.0,31.0,7,98,213.66
682,19.0,81.0,17,64,157.62
566,31.0,61.0,22,57,152.25
613,40.0,88.0,13,87,49.16
508,24.0,77.0,4,47,128.28
333,24.0,24.0,14,48,56.73
918,25.0,46.0,10,88,294.24
482,31.0,47.0,10,1,246.69
977,19.0,45.0,10,88,305.48
272,27.0,68.0,12,13,34.93
680,24.0,40.0,2,96,135.56
551,23.0,20.0,23,16,270.94
759,31.0,77.0,9,30,298.05
525,15.0,74.0,5,9,172.26
944,18.0,45.0,8,69,326.92
642,18.0,44.0,21,88,137.26
299,32.0,52.0,14,36,45.94
258,23.0,88.0,7,63,-65.95
707,44.0,25.0,7,29,279.78
457,39.0,42.0,9,33,128.28
612,43.0,49.0,3,17,252.25
651,43.0,73.0,14,87,119.9
264,32.0,30.0,17,62,-8.67
794,28.0,50.0,18,48,288.42
353,39.0,25.0,12,55,68.48
465,29.0,30.0,22,90,42.08
278,20.0,31.0,14,57,7.89
514,38.0,85.0,13,26,163.76
861,24.0,72.0,14,54,275.47
759,43.0,55.0,9,84,192.64
447,29.0,36.0,19,18,125.9
989,43.0,47.0,2,22,444.7
809,18.0,41.0,11,46,317.34
613,32.0,26.0,17,78,164.69
224,32.0,34.0,2,65,-20.4
483,39.0,30.0,19,98,41.86
648,31.0,43.0,7,50,209.95
500,26.0,86.0,18,83,4.62
267,21.0,49.0,13,27,45.11
206,30.0,89.0,5,56,-60.32
336,25.0,85.0,18,57,-38.35
363,28.0,80.0,23,14,113.33
282,17.0,60.0,24,15,63.25
849,33.0,70.0,24,96,208.06
619,32.0,63.0,16,46,204.45
272,44.0,32.0,15,62,-22.31
436,24.0,31.0,8,11,179.01
245,20.0,28.0,15,42,-9.08
817,27.0,67.0,1,83,234.24
999,24.0,68.0,17,28,405.73
461,32.0,72.0,15,48,83.87
375,40.0,75.0,14,2,139.37
365,34.0,59.0,14,68,9.4
856,40.0,43.0,10,59,340.58
569,30.0,52.0,2,65,153.21
994,39.0,42.0,6,86,345.33
253,39.0,73.0,17,89,-90.97
889,20.0,72.0,5,25,364.52
618,27.0,68.0,5,70,131.26
955,18.0,68.0,15,73,286.17
706,37.0,79.0,15,68,151.63
540,28.0,84.0,20,46,158.35
326,15.0,51.0,11,75,-41.94
608,42.0,40.0,5,95,115.88
566,34.0,37.0,1,41,165.46
470,19.0,79.0,11,30,118.45
843,22.0,32.0,11,21,411.8
804,26.0,43.0,6,16,376.32
578,16.0,49.0,23,83,101.75
272,26.0,21.0,8,19,78.27
447,19.0,44.0,2,7,165.4
984,36.0,69.0,15,97,283.9
242,19.0,33.0,23,48,-25.01
576,27.0,25.0,22,86,119.05
240,23.0,49.0,9,37,30.02
369,24.0,49.0,15,52,27.21
411,15.0,57.0,8,27,121.29
692,44.0,77.0,16,76,170.12
879,17.0,60.0,14,28,358.65
238,44.0,76.0,15,71,-88.03
568,32.0,55.0,20,10,236.41
956,26.0,83.0,13,46,356.4
350,43.0,35.0,9,44,77.26
310,17.0,33.0,1,17,109.0
679,40.0,50.0,6,49,231.32
635,39.0,85.0,8,88,106.61
246,43.0,87.0,20,48,-41.9
774,44.0,84.0,18,21,275.16
936,23.0,74.0,18,44,380.48
565,40.0,59.0,17,60,113.68
268,16.0,44.0,21,98,-102.6
498,44.0,44.0,16,92,54.97
495,17.0,22.0,13,20,171.03
402,28.0,88.0,22,70,20.79
260,18.0,45.0,4,60,-51.24
513,39.0,59.0,4,75,86.04
360,33.0,57.0,21,35,102.85
530,27.0,57.0,14,23,181.55
727,21.0,87.0,5,31,240.1
537,26.0,26.0,16,90,91.27
805,17.0,49.0,14,95,179.97
503,37.0,38.0,14,58,78.31
702,37.0,54.0,14,95,143.99
849,23.0,52.0,24,95,233.65
537,16.0,52.0,14,89,52.38
749,43.0,57.0,19,74,205.01
838,36.0,29.0,3,81,289.48
474,23.0,76.0,17,4,176.34
363,26.0,47.0,14,15,122.72
642,26.0,57.0,10,10,282.31
518,29.0,35.0,13,34,181.42
788,16.0,40.0,22,74,230.33
703,32.0,25.0,4,41,316.42
885,27.0,60.0,11,86,265.66
586,28.0,34.0,15,97,92.76
802,19.0,22.0,15,80,277.99
949,40.0,62.0,24,9,464.06
975,24.0,66.0,2,81,326.74
890,26.0,33.0,11,7,432.11
693,24.0,85.0,2,25,310.6
689,38.0,48.0,23,2,295.63
920,25.0,23.0,5,58,329.98
272,39.0,45.0,13,87,-63.54
708,16.0,31.0,1,2,336.66
589,19.0,21.0,7,37,170.41
818,44.0,36.0,7,1,399.48
494,21.0,54.0,10,98,23.28
568,20.0,29.0,6,16,241.83
995,36.0,62.0,20,72,352.49
893,37.0,40.0,12,35,371.35
748,17.0,34.0,13,85,195.83
848,27.0,54.0,24,94,257.76
767,17.0,79.0,11,97,168.23
386,40.0,63.0,18,87,-28.27
969,39.0,24.0,2,72,369.91
644,44.0,37.0,16,1,323.27
769,38.0,40.0,2,84,194.6
562,35.0,70.0,19,33,187.71
322,20.0,60.0,6,26,68.23
387,25.0,43.0,1,36,113.6
941,42.0,43.0,11,70,309.87
879,40.0,57.0,18,21,383.17
619,31.0,63.0,10,67,139.76
825,24.0,76.0,18,13,366.39
451,26.0,78.0,1,97,-29.65
818,31.0,53.0,19,22,351.39
748,18.0,42.0,16,43,279.85
534,16.0,62.0,7,88,32.5
291,25.0,59.0,15,64,-53.47
729,21.0,66.0,1,78,202.13
262,16.0,60.0,23,95,-123.57
861,40.0,66.0,21,77,226.75
711,32.0,39.0,9,60,215.28
338,35.0,84.0,2,84,-57.3
897,18.0,87.0,17,54,332.89
384,22.0,43.0,24,70,24.41
404,34.0,55.0,10,99,-12.94
971,28.0,64.0,6,84,304.77
413,26.0,21.0,5,49,111.27
455,36.0,47.0,8,11,179.32
334,35.0,45.0,8,78,-2.9
772,41.0,42.0,5,14,327.15
287,44.0,55.0,12,16,66.55
406,32.0,25.0,7,33,137.97
328,25.0,54.0,13,34,71.12
202,43.0,57.0,13,38,-53.02
953,42.0,54.0,17,77,303.03
320,44.0,72.0,4,54,5.62
584,22.0,57.0,18,58,154.52
813,16.0,78.0,10,4,394.63
237,39.0,62.0,3,29,1.36
540,29.0,23.0,12,3,231.66
844,23.0,24.0,1,14,399.27
913,33.0,87.0,11,34,307.71
220,34.0,64.0,18,73,-66.96
441,22.0,44.0,13,54,89.69
654,39.0,30.0,17,65,202.87
820,33.0,48.0,8,59,302.15
502,19.0,53.0,20,23,195.3
795,25.0,33.0,19,91,171.03
794,29.0,43.0,17,21,318.26
268,22.0,78.0,2,43,-25.71
328,33.0,58.0,3,31,62.32
395,37.0,45.0,3,94,-11.16
339,41.0,62.0,6,82,-37.85
643,22.0,55.0,10,50,203.56
482,40.0,58.0,24,84,7.44
511,41.0,80.0,22,2,183.95
945,44.0,35.0,18,69,330.5
734,33.0,78.0,18,31,272.69
864,32.0,25.0,14,1,440.79
476,24.0,75.0,16,87,25.69
260,43.0,27.0,7,58,-33.02
518,21.0,46.0,1,90,47.65
251,42.0,46.0,17,72,-47.09
352,23.0,65.0,23,76,-14.71
948,15.0,60.0,5,13,421.93
510,33.0,44.0,1,50,134.69
743,19.0,37.0,21,10,336.33
766,33.0,31.0,17,77,232.2
588,15.0,70.0,10,79,81.32
747,29.0,58.0,12,9,337.96
821,30.0,29.0,20,83,268.26
376,37.0,73.0,2,79,-12.5
561,21.0,48.0,23,57,119.09
513,40.0,60.0,16,33,191.99
296,26.0,28.0,15,79,-33.26
412,22.0,82.0,13,77,6.78
336,19.0,56.0,18,52,1.37
205,24.0,33.0,20,27,54.4
308,42.0,58.0,22,17,85.36
746,35.0,59.0,14,25,314.75
238,19.0,73.0,18,6,43.72
861,31.0,22.0,2,44,329.95
624,40.0,74.0,2,97,111.26
829,19.0,52.0,3,44,330.22
460,36.0,38.0,5,70,68.97
625,29.0,53.0,16,96,117.72
286,27.0,69.0,22,34,4.29
664,42.0,66.0,15,51,157.87
275,15.0,65.0,12,20,41.58
670,25.0,75.0,9,27,232.55
613,37.0,76.0,14,95,68.3
925,15.0,70.0,21,43,347.7
656,25.0,73.0,16,79,114.65
484,32.0,47.0,11,55,114.6
438,32.0,38.0,6,9,168.02
876,35.0,46.0,10,22,415.25
798,44.0,67.0,8,47,272.49
852,40.0,38.0,16,51,334.75
871,30.0,70.0,3,14,359.6
757,27.0,26.0,2,54,295.75
571,21.0,48.0,16,42,210.79
694,15.0,62.0,19,49,218.45
823,40.0,88.0,9,5,370.69
244,30.0,77.0,16,32,3.84
600,15.0,27.0,22,61,175.91
446,31.0,61.0,4,54,119.32
815,20.0,61.0,10,38,356.38
796,16.0,32.0,19,11,379.74
649,31.0,45.0,13,99,101.36
684,20.0,37.0,18,30,287.07
845,28.0,61.0,15,73,242.8
819,32.0,70.0,4,52,275.56
217,20.0,35.0,9,33,3.15
805,24.0,22.0,4,40,378.77
861,38.0,64.0,16,9,423.32
957,32.0,41.0,21,51,413.58
488,41.0,42.0,15,74,90.02
613,23.0,78.0,24,56,136.18
920,22.0,81.0,2,77,282.32
837,42.0,87.0,14,2,409.11
434,24.0,73.0,3,56,70.05
615,31.0,76.0,22,32,232.85
698,37.0,42.0,23,6,297.7
833,44.0,79.0,4,3,386.59
849,43.0,74.0,1,38,295.06
314,40.0,82.0,23,47,-3.32
873,20.0,75.0,9,73,290.59
912,28.0,74.0,17,78,290.94
433,36.0,44.0,14,15,182.05
739,36.0,45.0,17,37,285.55
210,20.0,68.0,1,3,4.58
405,40.0,82.0,10,3,120.44
878,21.0,64.0,23,99,236.5
446,26.0,58.0,16,26,148.79
758,17.0,84.0,19,85,197.35
957,28.0,88.0,24,85,286.08
326,36.0,75.0,3,16,62.24
